,name,address,gmap_id,description,latitude,longitude,category,avg_rating,num_of_reviews,price,hours,MISC,status,relative_results,url,state
0,Vein and Vascular Institute Of Tampa Bay - Lutz Office,"Vein and Vascular Institute Of Tampa Bay - Lutz Office, 19185 N Dale Mabry Hwy, Lutz, FL 33548",0x88c2bec93c46882d:0xbc25723382e646f7,,28.155387,-82.485277,"['Vascular surgeon', 'Doctor']",4.9,218,,"[['Thursday', '8AM–5PM'], ['Friday', '8AM–5PM'], ['Saturday', '8AM–12PM'], ['Sunday', 'Closed'], ['Monday', '8AM–5PM'], ['Tuesday', '8AM–5PM'], ['Wednesday', '8AM–5PM']]","{'Health & safety': ['Appointment required', 'Mask required', 'Temperature check required', 'Staff wear masks', 'Staff get temperature checks', 'Staff required to disinfect surfaces between visits'], 'Accessibility': ['Wheelchair accessible entrance'], 'Planning': ['Appointments recommended']}",Closed ⋅ Opens 8AM Fri,"['0x88c2c36e8706b955:0x79056dda4b4a87f', '0x88c2c37c51c70a09:0xfc9513ad810769cf', '0x88c2c099f93076ff:0x53d7e673af27ec9a', '0x88c2ce36c87eb77b:0xf63c9b4e05f52b0a', '0x88c2c3ed10ab79e7:0x27ce2bd64757eae6']",https://www.google.com/maps/place//data=!4m2!3m1!1s0x88c2bec93c46882d:0xbc25723382e646f7?authuser=-1&hl=en&gl=us,Florida
1,Lint Out Dryer Vent & Air Duct Cleaning,"Lint Out Dryer Vent & Air Duct Cleaning, 12331 Towne Lake Dr Suite 6, Fort Myers, FL 33913",0x88db6bbeece24691:0xbd5282ff3b5a92bd,,26.564399,-81.751483,['Air duct cleaning service'],5.0,618,,"[['Saturday', 'Closed'], ['Sunday', 'Closed'], ['Monday', '8AM–4PM'], ['Tuesday', '8AM–4PM'], ['Wednesday', '8AM–4PM'], ['Thursday', '8AM–4PM'], ['Friday', '8AM–4PM']]",,Closed ⋅ Opens 8AM Mon,"['0x88db3f0425ebd80d:0x3a57ceacfd8c848a', '0x88db156204d1e5d9:0x663fd897ad68259', '0x88db1eeca560ad51:0xa7dc76d6555dbfe3', '0x88db40a166cd625d:0xefd04ba3ae34adf5', '0x88db1586e9388305:0x1dd9231f42ced458']",https://www.google.com/maps/place//data=!4m2!3m1!1s0x88db6bbeece24691:0xbd5282ff3b5a92bd?authuser=-1&hl=en&gl=us,Florida
2,Centennial Farm,"Centennial Farm, 88 Fair Dr, Costa Mesa, CA 92626, United States",0x80dcdf73237f82b9:0x6db01e29b097110,,33.6660504,-117.9025338,['Farm'],4.5,628,,"[['Sunday', 'Closed'], ['Monday', 'Open 24 hours'], ['Tuesday', 'Open 24 hours'], ['Wednesday', 'Open 24 hours'], ['Thursday', 'Open 24 hours'], ['Friday', 'Open 24 hours'], ['Saturday', 'Open 24 hours']]",{'Accessibility': ['Wheelchair-accessible entrance']},Temporarily closed,"['0x80dcdd4a5c20452f:0xa82ea53a6b2be7af', '0x80dcdd941b0cea3f:0x8dafdc1b39a55060', '0x80dccb6756c0b6dd:0xa90d1373986de263', '0x80dcd64ccd863e25:0x302b11a0babe25fd', '0x80dcdac7b4738c5f:0x27cd027d7c1d1c29']",https://www.google.com/maps/place//data=!4m2!3m1!1s0x80dcdf73237f82b9:0x6db01e29b097110?authuser=-1&hl=en&gl=ae,California
3,Gathering for Women,"Gathering for Women, 147 El Dorado St, Monterey, CA 93940",0x808de425f90137bf:0x73ec6cd83fce7705,,36.5929518,-121.8946938,['Corporate office'],4.6,26,,"[['Sunday', 'Closed'], ['Monday', '8AM–4PM'], ['Tuesday', '8AM–4PM'], ['Wednesday', '8AM–4PM'], ['Thursday', '8AM–4PM'], ['Friday', '8AM–4PM'], ['Saturday', 'Closed']]",{'Accessibility': ['Wheelchair accessible entrance']},Closed ⋅ Opens 8AM Mon,"['0x808de507fc43c81b:0x30aeccca23ffe9a2', '0x808de423b62021eb:0x8f5ae32c3d2af76', '0x808de43b2e35ef11:0x8e9635fd64909894', '0x808dfc857279814b:0xb2edf584d53ae38e', '0x808de5bca09a28c3:0xd051b47bc0347e81']",https://www.google.com/maps/place//data=!4m2!3m1!1s0x808de425f90137bf:0x73ec6cd83fce7705?authuser=-1&hl=en&gl=us,California
4,El Pollo Loco,"El Pollo Loco, 758 W Highland Ave, San Bernardino, CA 92405, United States",0x80c353a7a8034017:0x4c85887eb0bafab0,Fast-food chain outpost known for Mexican classics made with fire-grilled chicken.,34.13619,-117.29999,"['Mexican restaurant', 'Caterer', 'Chicken restaurant', 'Fast food restaurant']",4.1,695,$,"[['Monday', '10AM–10PM'], ['Tuesday', '10AM–10PM'], ['Wednesday', '10AM–10PM'], ['Thursday', '10AM–10PM'], ['Friday', '10AM–10PM'], ['Saturday', '10AM–10PM'], ['Sunday', '10AM–10PM']]","{'Service options': ['Curbside pickup', 'No-contact delivery', 'Takeaway', 'Dine-in', 'Delivery'], 'Health and safety': ['Mask required', 'Staff required to disinfect surfaces between visits'], 'Highlights': ['Fast service'], 'Popular for': ['Lunch', 'Dinner', 'Solo dining'], 'Accessibility': ['Wheelchair-accessible car park', 'Wheelchair-accessible entrance', 'Wheelchair-accessible seating', 'Wheelchair-accessible toilet'], 'Offerings': ['Comfort food', 'Healthy options', ""Kids' menu"", 'Late-night food', 'Quick bite', 'Small plates', 'Vegetarian options'], 'Dining options': ['Lunch', 'Dinner', 'Catering', 'Dessert', 'Seating'], 'Amenities': ['Good for kids', 'High chairs', 'Toilets'], 'Atmosphere': ['Casual', 'Cosy'], 'Crowd': ['Family friendly', 'Groups', 'Tourists', 'University students'], 'Payments': ['Debit cards', 'NFC mobile payments']}",Closed ⋅ Opens 10AM,"['0x80c353a913c8314f:0x2784743c7475c974', '0x80c353a0a21e840f:0xfb0a1937f758e527', '0x80c353a8ff8c92c7:0x621d1d14a4bfd93a', '0x80c3548e17d67cfd:0xed6cc3deed0ce2e9', '0x80c353ee072f06a1:0x222263c8a877ea5']",https://www.google.com/maps/place//data=!4m2!3m1!1s0x80c353a7a8034017:0x4c85887eb0bafab0?authuser=-1&hl=en&gl=ae,California
5,C & I Clothing,"C & I Clothing, 1731 Sunset Blvd, Los Angeles, CA 90026",0x80c2c71b8f891cd9:0xb3f24028547eb016,,34.077746399999995,-118.2591795,['Clothing store'],4.5,33,,"[['Tuesday', '11AM–7PM'], ['Wednesday', '11AM–7PM'], ['Thursday', '11AM–7PM'], ['Friday', '11AM–7PM'], ['Saturday', '11AM–7PM'], ['Sunday', '12–5PM'], ['Monday', '11AM–7PM']]","{'Service options': ['In-store shopping'], 'Planning': ['Quick visit'], 'Payments': ['NFC mobile payments']}",Closed ⋅ Opens 11AM,"['0x80c2c806877faa25:0xf4f5382c41314692', '0x80c2c687b43e31d9:0x509cbec5c6abe900', '0x80c2c786627715f3:0x804f6630860c0402', '0x80c2c71c91d3a0fb:0x34647b595b25ac7d', '0x80c2c74514f9db3b:0x7593e61bf4c3fec4']",https://www.google.com/maps/place//data=!4m2!3m1!1s0x80c2c71b8f891cd9:0xb3f24028547eb016?authuser=-1&hl=en&gl=us,California
6,Holy Smoke & Vape,"Holy Smoke & Vape, 11485 S Cleveland Ave #1, Fort Myers, FL 33907",0x88db41ec8a6cef49:0x2270da280b0185db,,26.57328,-81.871357,"['Tobacco shop', 'Glass shop', 'Hookah store', 'Vaporizer store']",4.9,73,,"[['Friday', '10AM–10PM'], ['Saturday', '10AM–10PM'], ['Sunday', '11AM–8PM'], ['Monday', '10AM–10PM'], ['Tuesday', '10AM–10PM'], ['Wednesday', '10AM–10PM'], ['Thursday', '10AM–10PM']]","{'Service options': ['In-store pickup', 'In-store shopping'], 'Health & safety': ['Staff required to disinfect surfaces between visits'], 'Highlights': ['LGBTQ friendly'], 'Accessibility': ['Wheelchair accessible entrance', 'Wheelchair accessible parking lot'], 'Planning': ['Quick visit'], 'Payments': ['Debit cards', 'NFC mobile payments']}",Closed ⋅ Opens 10AM Sat,,https://www.google.com/maps/place//data=!4m2!3m1!1s0x88db41ec8a6cef49:0x2270da280b0185db?authuser=-1&hl=en&gl=us,Florida
7,AJ Chinese Express,"AJ Chinese Express, 11566 N Ventura Ave, Ojai, CA 93023",0x80e9a535d2331987:0x5c902b916affa054,,34.4282998,-119.2884922,"['Chinese restaurant', 'Japanese restaurant', 'Restaurant']",4.1,127,$$,"[['Wednesday', '11AM–3PM'], ['Thursday', '11:30AM–3PM'], ['Friday', '11:30AM–3PM'], ['Saturday', '11:30AM–3PM'], ['Sunday', '11:30AM–3PM'], ['Monday', 'Closed'], ['Tuesday', '11:30AM–3PM']]","{'Service options': ['Takeout', 'Dine-in'], 'Health & safety': ['Mask required', 'Staff required to disinfect surfaces between visits'], 'Highlights': ['Fast service', 'Great tea selection'], 'Popular for': ['Lunch', 'Dinner', 'Solo dining'], 'Accessibility': ['Wheelchair accessible entrance', 'Wheelchair accessible parking lot', 'Wheelchair accessible seating'], 'Offerings': ['Comfort food', 'Healthy options', 'Quick bite', 'Small plates', 'Vegetarian options'], 'Amenities': ['Good for kids'], 'Atmosphere': ['Casual'], 'Crowd': ['Groups', 'Tourists']}",Closed ⋅ Opens 11AM,"['0x80e9ad39547f9183:0xcda682a17f96b3a1', '0x80e852acab954ae5:0x2d17fe125ddbf983', '0x80e9a585519410ed:0x853bd09d0d07a950', '0x80e84ccf0deff39d:0xbb820e1daa133273', '0x80e9a535a4baffb3:0xc8d5c93f45066ea']",https://www.google.com/maps/place//data=!4m2!3m1!1s0x80e9a535d2331987:0x5c902b916affa054?authuser=-1&hl=en&gl=us,California
8,T-Mobile,"T-Mobile, 11133 Washington Blvd, Whittier, CA 90606",0x80c2d2316ade110d:0x4983f0a7415cb0b6,,33.9733784,-118.0726755,"['Cell phone store', 'Electronic parts supplier', 'Electronics store', 'Telephone company']",2.7,48,$$,"[['Sunday', '11AM–6PM'], ['Monday', '10AM–8PM'], ['Tuesday', '10AM–8PM'], ['Wednesday', '10AM–8PM'], ['Thursday', '10AM–8PM'], ['Friday', '10AM–8PM'], ['Saturday', '10AM–8PM']]","{'Service options': ['In-store shopping', 'Delivery'], 'Health & safety': ['Mask required', 'Staff required to disinfect surfaces between visits'], 'Highlights': ['LGBTQ friendly'], 'Accessibility': ['Wheelchair accessible entrance', 'Wheelchair accessible parking lot'], 'Amenities': ['Wi-Fi'], 'Planning': ['Quick visit'], 'Payments': ['Debit cards', 'NFC mobile payments', 'Credit cards']}",Closed ⋅ Opens 11AM,"['0x80c2d2677327d375:0x9680060d17bfa1d6', '0x80c2ce29ce031d01:0xdba03672a819088e', '0x80c2d2345969cc8b:0x782ee3b245fca331', '0x80c2d23455d508df:0xf4bd620a9c8ecf85']",https://www.google.com/maps/place//data=!4m2!3m1!1s0x80c2d2316ade110d:0x4983f0a7415cb0b6?authuser=-1&hl=en&gl=us,California
9,"Farber & Co. Attorneys, P.C.","Farber & Co. Attorneys, P.C., 333 Hegenberger Road, 504, Oakland, CA 94621",0x808f80b183b3d067:0xe57616ad09050b61,,37.735714,-122.1984786,['Law firm'],3.9,28,,"[['Thursday', '8:30AM–5PM'], ['Friday', '8:30AM–5PM'], ['Saturday', 'Closed'], ['Sunday', 'Closed'], ['Monday', '8:30AM–5PM'], ['Tuesday', '8:30AM–5PM'], ['Wednesday', '8:30AM–5PM']]",{'Accessibility': ['Wheelchair accessible entrance']},Closed ⋅ Opens 8:30AM,"['0x808f80c83524987b:0x2c9d55af82e2cbc1', '0x808f875533bd157f:0x5520917136bbfc4c', '0x808f80b3e6c7a2ab:0x355cf3562cda3261', '0x808f80b183b3d067:0x35c42acf7c47225f', '0x808f80b73bf1c5ad:0xa176eb3ae167b33f']",https://www.google.com/maps/place//data=!4m2!3m1!1s0x808f80b183b3d067:0xe57616ad09050b61?authuser=-1&hl=en&gl=us,California
10,Advanced Dermatology and Cosmetic Surgery - Ponte Vedra,"Advanced Dermatology and Cosmetic Surgery - Ponte Vedra, 520 A1A N UNIT 203, Ponte Vedra Beach, FL 32082",0x88e4363496bfb693:0x6ee8434b02e1c500,,30.2261083,-81.385509,"['Dermatologist', 'Medical clinic', 'Medical spa', 'Oncologist', 'Plastic surgery clinic', 'Skin care clinic']",4.5,138,,"[['Wednesday', '8AM–5PM'], ['Thursday', '8AM–5PM'], ['Friday', '8AM–5PM'], ['Saturday', 'Closed'], ['Sunday', 'Closed'], ['Monday', '8AM–5PM'], ['Tuesday', '8AM–5PM']]","{'Accessibility': ['Wheelchair accessible entrance'], 'Planning': ['Appointments recommended']}",Closed ⋅ Opens 8AM,"['0x88e4363381a302cf:0x5040d5a478fbb9e', '0x88e4493c63aa0005:0x434c4629aa533cb3', '0x88e449d5d20c0c2d:0x9800e45d6754b5a5', '0x88e436d757092041:0x66ac4352d2b738c2', '0x88e449d6784cf043:0x7b31ffba61936ced']",https://www.google.com/maps/place//data=!4m2!3m1!1s0x88e4363496bfb693:0x6ee8434b02e1c500?authuser=-1&hl=en&gl=us,Florida
11,Carnelian Woods,"Carnelian Woods, 5101 N Lake Blvd, Carnelian Bay, CA 96140",0x8099634fc90bfb33:0x518018c7b42daa0,,39.2307585,-120.0814628,['Condominium complex'],4.5,18,,,,,"['0x8099634da316393f:0x8f7ffaaa872c2e8a', '0x809963528654b791:0xb2887250518eb79a', '0x8099635a2dd5a9c3:0x385b94e8ed78b255', '0x80997d76783184b5:0x3fc1ad8ae16b41ab', '0x809964b01108f383:0x16cb1dc61461b511']",https://www.google.com/maps/place//data=!4m2!3m1!1s0x8099634fc90bfb33:0x518018c7b42daa0?authuser=-1&hl=en&gl=us,California
12,Manteca Dental Care: Rick Van Tran DDS,"Manteca Dental Care: Rick Van Tran DDS, 1007 S Main St, Manteca, CA 95337",0x809041ae12f4d7e9:0x156892ff87bf5300,,37.7887659,-121.2163488,"['Dentist', 'Cosmetic dentist', 'Dental clinic', 'Dental implants periodontist', 'Emergency dental service']",4.7,218,,"[['Sunday', 'Closed'], ['Monday', '8AM–5PM'], ['Tuesday', '8AM–5PM'], ['Wednesday', '8AM–5PM'], ['Thursday', '8AM–5PM'], ['Friday', '8AM–5PM'], ['Saturday', 'Closed']]","{'Highlights': ['LGBTQ friendly'], 'Accessibility': ['Wheelchair accessible entrance', 'Wheelchair accessible restroom'], 'Amenities': ['Restroom'], 'Planning': ['Appointments recommended']}",Closed ⋅ Opens 8AM Mon,"['0x809040414e76fa8b:0xc98de8c33363f249', '0x8090406a6a692803:0x70f6589bed131986', '0x809041af275aad9d:0xea26a642700caa5f', '0x80901548bf1ca8ef:0x28092511c9dde66']",https://www.google.com/maps/place//data=!4m2!3m1!1s0x809041ae12f4d7e9:0x156892ff87bf5300?authuser=-1&hl=en&gl=us,California
13,G&P Insurance Inc,"G&P Insurance Inc, 4930 Golden Gate Pkwy, Naples, FL 34116",0x88dae4b916e0edbf:0x62f9a082c713d53e,,26.1794617,-81.70706009999999,['Insurance agency'],4.7,87,,"[['Sunday', 'Closed'], ['Monday', '9AM–5:30PM'], ['Tuesday', '9AM–5:30PM'], ['Wednesday', '9AM–5:30PM'], ['Thursday', '9AM–5:30PM'], ['Friday', '9AM–5PM'], ['Saturday', 'Closed']]",,Closed ⋅ Opens 9AM Mon,"['0x88dafd37d5512381:0xd16ae9e5ac0546b4', '0x88dae2a757ddf1eb:0xfe9dd1d60031d8b6', '0x88db1dcd42b75cab:0xfec46679ed19c6df', '0x88db1765b7df4b09:0xe7d228a375f756e3', '0x88dae3ce173dcdc1:0xce97d75e472fb095']",https://www.google.com/maps/place//data=!4m2!3m1!1s0x88dae4b916e0edbf:0x62f9a082c713d53e?authuser=-1&hl=en&gl=us,Florida
14,"Coastal Pool Service and Maintenance, Inc","Coastal Pool Service and Maintenance, Inc, 1106 Cape Coral Pkwy E, Cape Coral, FL 33904",0x88db3f53760505a7:0x80f4afcf1276f6a4,,26.5622615,-81.950788,"['Swimming pool', 'Pool cleaning service']",3.9,108,,"[['Sunday', 'Closed'], ['Monday', '7AM–5PM'], ['Tuesday', '7AM–5PM'], ['Wednesday', '7AM–5PM'], ['Thursday', '7AM–5PM'], ['Friday', '7AM–5PM'], ['Saturday', 'Closed']]",,Closed ⋅ Opens 7AM Mon,"['0x88db40d83812ccd7:0x89ff22c15db2d01', '0x88db38b7b8197ed3:0xa1bb57cef9fe5ac3', '0x88db46ab1c32c889:0x34cb702bf60a821b', '0x88db47242c4eed83:0x5b260e566b82321', '0x88db47f40b0aff6b:0xa6fff76b8b095514']",https://www.google.com/maps/place//data=!4m2!3m1!1s0x88db3f53760505a7:0x80f4afcf1276f6a4?authuser=-1&hl=en&gl=us,Florida
15,Crom Equipment Rentals Inc,"Crom Equipment Rentals Inc, 6801 SW Archer Rd, Gainesville, FL 32608",0x88e8bd15c55d07d5:0xd82e1a49e89c944d,,29.6000995,-82.4133224,['Scaffolding rental service'],4.4,15,,"[['Sunday', 'Closed'], ['Monday', '8AM–4:30PM'], ['Tuesday', '8AM–4:30PM'], ['Wednesday', '8AM–4:30PM'], ['Thursday', '8AM–4:30PM'], ['Friday', '8AM–4:30PM'], ['Saturday', 'Closed']]",{'Accessibility': ['Wheelchair accessible entrance']},Closed ⋅ Opens 8AM Mon,"['0x88e8a32c8ee82099:0x1eb9d21789006216', '0x88e8a3455f739f83:0x1334ac88637e6e9f', '0x88e8a504d9fbd1d5:0x3549d6fedd2e3c34', '0x88e8a50fc1ab9c89:0xdcac793cb16d9f97']",https://www.google.com/maps/place//data=!4m2!3m1!1s0x88e8bd15c55d07d5:0xd82e1a49e89c944d?authuser=-1&hl=en&gl=us,Florida
16,"Guillermo Lievano, DO","Guillermo Lievano, DO, 8525 SW 92nd St d13, Miami, FL 33156",0x88d9c719e45db60b:0xecd6a922ec9caec0,,25.6851005,-80.33379359999999,"['Obstetrician-gynecologist', 'Fertility physician']",4.9,128,,"[['Tuesday', '8:30AM–5PM'], ['Wednesday', '8:30AM–5PM'], ['Thursday', '8:30AM–5PM'], ['Friday', '8:30AM–1PM'], ['Saturday', 'Closed'], ['Sunday', 'Closed'], ['Monday', '8:30AM–5PM']]","{'Accessibility': ['Wheelchair accessible entrance'], 'Planning': ['Appointments recommended']}",Closed ⋅ Opens 8:30AM Wed,"['0x88d9c7f20147a907:0xc5ba871353be68b1', '0x88d9c7be3c7d3d4f:0x9babaa51f55fe53a', '0x88d9c7104b78a273:0xb519378a462963e1', '0x88d9c719e45db60b:0x9949a5f6842dd8a2']",https://www.google.com/maps/place//data=!4m2!3m1!1s0x88d9c719e45db60b:0xecd6a922ec9caec0?authuser=-1&hl=en&gl=us,Florida
17,Matt & Tony's,"Matt & Tony's, 10710 Sepulveda Blvd, Mission Hills, CA 91345",0x80c29066f677a83f:0xb3b85c11e07e3f63,,34.2649907,-118.4669653,['Sandwich shop'],4.2,88,,"[['Sunday', '11AM–7PM'], ['Monday', '11AM–7PM'], ['Tuesday', '11AM–7PM'], ['Wednesday', '11AM–7PM'], ['Thursday', '11AM–7PM'], ['Friday', '11AM–7PM'], ['Saturday', '11AM–7PM']]","{'Service options': ['Takeout'], 'Popular for': ['Lunch', 'Dinner', 'Solo dining'], 'Offerings': ['Comfort food', 'Quick bite'], 'Atmosphere': ['Casual']}",Opens soon ⋅ 11AM,"['0x80c29a134a25c3ab:0x1a229aed394fe492', '0x80c29755d30b854d:0x749643d0e327229', '0x80c29061b0dab919:0x40b71aa2c2cad8ef', '0x80c2be23076b0e41:0x99f12326156e0287', '0x80c2955ea7a26dcf:0xc3ec6156e4facf56']",https://www.google.com/maps/place//data=!4m2!3m1!1s0x80c29066f677a83f:0xb3b85c11e07e3f63?authuser=-1&hl=en&gl=us,California
18,Puppy Heaven - Teacup & Toy Puppies For Sale,"Puppy Heaven - Teacup & Toy Puppies For Sale, 2075 Newport Blvd #107, Costa Mesa, CA 92627",0x80dcdf9b3f00d41d:0x88325342642af142,,33.650089099999995,-117.9113439,['Dog breeder'],2.9,56,,"[['Friday', '10AM–2PM'], ['Saturday', 'Closed'], ['Sunday', '10AM–6PM'], ['Monday', '10AM–6PM'], ['Tuesday', '10AM–6PM'], ['Wednesday', '10AM–6PM'], ['Thursday', '10AM–6PM']]",,Permanently closed,"['0x80dc9d3e7b0dcf47:0x1dc5b24e5dcef738', '0x80dd2a1383ed4383:0xf9748824b56e2215', '0x80c32d741c2d5541:0xf41357d418392a9d', '0x80dcdf1e35cbcb5f:0x7ec5e81cd6d5da6e']",https://www.google.com/maps/place//data=!4m2!3m1!1s0x80dcdf9b3f00d41d:0x88325342642af142?authuser=-1&hl=en&gl=us,California
19,The Walk on University,"The Walk on University, 2920 N University Dr, Coral Springs, FL 33065, United States",0x88d90539da88f353:0xd9da7c917d11459e,,26.2649929,-80.2507715,"['Shopping mall', 'Condominium complex']",4.5,1754,,"[['Saturday', '11AM–11PM'], ['Sunday', '11AM–10PM'], ['Monday', '11AM–10PM'], ['Tuesday', '11AM–10PM'], ['Wednesday', '11AM–10PM'], ['Thursday', '11AM–10PM'], ['Friday', '11AM–11PM']]","{'Service options': ['In-store shopping'], 'Accessibility': ['Wheelchair-accessible entrance']}",Open ⋅ Closes 11PM,"['0x88d90534fc32627b:0xca50c6c2db4343d0', '0x88d91aea9d0ed6cd:0x78b9dfbfb0b8afe8', '0x88d9050fc66117e1:0x9493c76595689241', '0x88d90512a6c71291:0x5c3ca796c356b3f7', '0x88d9053e99d56ff9:0xcba4de394fbfd92c']",https://www.google.com/maps/place//data=!4m2!3m1!1s0x88d90539da88f353:0xd9da7c917d11459e?authuser=-1&hl=en&gl=kr,Florida
20,Daytona Beach Ocean Walk,"Daytona Beach Ocean Walk, 300 N Atlantic Ave, Daytona Beach, FL 32118",0x88e6da406ac00001:0x9f83ce1ade33d8a0,,29.2324338,-81.01049189999999,['Travel agency'],4.3,54,,"[['Sunday', 'Open 24 hours'], ['Monday', 'Open 24 hours'], ['Tuesday', 'Open 24 hours'], ['Wednesday', 'Open 24 hours'], ['Thursday', 'Open 24 hours'], ['Friday', 'Open 24 hours'], ['Saturday', 'Open 24 hours']]",{'Accessibility': ['Wheelchair accessible entrance']},Open 24 hours,"['0x88dd8010d7e1eaa5:0x24afe675f528927b', '0x88e6da401514de2f:0xd1d4a52187dddc47', '0x88e6da3ff62cd6ed:0xafc0578e137d2229', '0x88e6d9fb39103611:0x8eaff16aabe46f60']",https://www.google.com/maps/place//data=!4m2!3m1!1s0x88e6da406ac00001:0x9f83ce1ade33d8a0?authuser=-1&hl=en&gl=us,Florida
21,Patriot Flooring Supplies,"Patriot Flooring Supplies, 342 Pike Rd Suite 14, West Palm Beach, FL 33411",0x88d928dd859e8047:0xb3993882fadbf6be,,26.6835826,-80.1650641,"['Flooring store', 'Carpet store', 'Professional services']",4.7,18,,"[['Tuesday', '7AM–4PM'], ['Wednesday', '7AM–4PM'], ['Thursday', '7AM–4PM'], ['Friday', '7AM–4PM'], ['Saturday', 'Closed'], ['Sunday', 'Closed'], ['Monday', '7AM–4PM']]","{'Service options': ['Curbside pickup', 'Delivery', 'In-store pickup', 'In-store shopping', 'Same-day delivery'], 'Accessibility': ['Wheelchair accessible elevator', 'Wheelchair accessible entrance', 'Wheelchair accessible parking lot'], 'Offerings': ['Service guarantee'], 'Planning': ['Quick visit'], 'Payments': ['Debit cards', 'Credit cards']}",Open ⋅ Closes 4PM,"['0x88d8d63bf3900d03:0xfa461d9758949c09', '0x88d92edc2934ee8b:0x72818a770b2e8a33', '0x88d92efaa83dc113:0xfa0484fbf9fa42f2', '0x88d928ddf5945ab5:0x27d576e47e64c028']",https://www.google.com/maps/place//data=!4m2!3m1!1s0x88d928dd859e8047:0xb3993882fadbf6be?authuser=-1&hl=en&gl=us,Florida
22,Shell,"Shell, 9115 Merrill Rd, Jacksonville, FL 32225",0x88e5b37b5b148be3:0x83cacd434f515be6,,30.352847,-81.54971599999999,"['Gas station', 'Alternative fuel station', 'ATM', 'Car wash', 'Convenience store', 'Electric vehicle charging station', 'Restaurant']",3.7,34,$$,"[['Monday', 'Open 24 hours'], ['Tuesday', 'Open 24 hours'], ['Wednesday', 'Open 24 hours'], ['Thursday', 'Open 24 hours'], ['Friday', 'Open 24 hours'], ['Saturday', 'Open 24 hours'], ['Sunday', 'Open 24 hours']]","{'Accessibility': ['Wheelchair accessible entrance'], 'Offerings': ['Car wash', 'Full service gas'], 'Amenities': ['Public restroom', 'Restroom']}",Open 24 hours,"['0x88e5b38169d1d09b:0x3065c6ddad1d1ac7', '0x88e5b38613518c97:0x345162cb52c5552d', '0x88e5b38bc16794b7:0x4309992fda5de55c', '0x88e5cb70fda92cd3:0xbad1af0f34b04f46', '0x88e5b37b5e94427f:0x7ce8846795a8a195']",https://www.google.com/maps/place//data=!4m2!3m1!1s0x88e5b37b5b148be3:0x83cacd434f515be6?authuser=-1&hl=en&gl=us,Florida
23,Lavanderia Las Burbujas,"Lavanderia Las Burbujas, Lynwood, CA 90262",0x80c2cb8c539557c1:0x65056767131dcd97,,33.929081499999995,-118.2159869,['Laundry'],3.1,18,,,{'Accessibility': ['Wheelchair accessible entrance']},Open now,"['0x80c2cbf359e59d63:0x199374074b36203f', '0x80c2cb8a6867a41f:0xaed14350513b07a5', '0x80c2cbf16de1008b:0x8ea3beb0888720bf', '0x80c2cb86d098c04d:0xe3a201162c68b8af']",https://www.google.com/maps/place//data=!4m2!3m1!1s0x80c2cb8c539557c1:0x65056767131dcd97?authuser=-1&hl=en&gl=us,California
24,Notions & Potions candles and more LLC,"Notions & Potions candles and more LLC, 116 N 2nd St, Fort Pierce, FL 34950",0x88def100640e75dd:0xa1ac347dc9531945,,27.447999,-80.323887,['Boutique'],4.8,26,,"[['Sunday', 'Closed'], ['Monday', '10AM–6PM'], ['Tuesday', '10AM–6PM'], ['Wednesday', '10AM–6PM'], ['Thursday', '10AM–6PM'], ['Friday', '10AM–8PM'], ['Saturday', '10AM–6PM']]","{'From the business': ['Identifies as women-led'], 'Service options': ['Curbside pickup', 'Delivery', 'In-store pickup', 'In-store shopping'], 'Health & safety': ['Staff wear masks', 'Staff get temperature checks', 'Staff required to disinfect surfaces between visits'], 'Highlights': ['LGBTQ friendly'], 'Accessibility': ['Wheelchair accessible entrance'], 'Planning': ['Quick visit'], 'Payments': ['Debit cards', 'NFC mobile payments', 'Credit cards']}",Closed ⋅ Opens 10AM Mon,"['0x88def100f72b54cf:0x57e1985b3de7154', '0x88def1b3e6386c9b:0xe86b932944cd3b8e', '0x88def1007fb0f435:0xed7c86e68ec689cd', '0x88deddaed5c86d7f:0xd47c964aa7fe17ec']",https://www.google.com/maps/place//data=!4m2!3m1!1s0x88def100640e75dd:0xa1ac347dc9531945?authuser=-1&hl=en&gl=us,Florida
25,Skanska Precast Facility,"Skanska Precast Facility, Pensacola, FL 32502",0x8890b8cb9ea79c77:0xfdc3fde1d466e33,,30.403667,-87.2459701,['Corporate office'],3.8,18,,,,,"['0x8890c727d4373e69:0xa213a1e074177287', '0x8890c0c5aa4ead43:0x9351bdc33a7b7a3', '0x8890bf76c4ab6bb7:0x8e7dc6c5b84dc6b', '0x8890b8ca7199c113:0x80737765926fedbb', '0x8890c0b2cbcec427:0x5cfc905ffe8ea98']",https://www.google.com/maps/place//data=!4m2!3m1!1s0x8890b8cb9ea79c77:0xfdc3fde1d466e33?authuser=-1&hl=en&gl=us,Florida
26,Soldavi,"Soldavi, 2830 G St Ste B, Merced, CA 95340",0x809143a7c392ac3d:0xe7659e795f8b606a,,37.3099798,-120.4684519,['Real estate agency'],4.5,68,,"[['Wednesday', '8:30AM–5:30PM'], ['Thursday', '8:30AM–5:30PM'], ['Friday', '8:30AM–5:30PM'], ['Saturday', 'Closed'], ['Sunday', 'Closed'], ['Monday', '8:30AM–5:30PM'], ['Tuesday', '8:30AM–5:30PM']]",{'Accessibility': ['Wheelchair accessible entrance']},Closed ⋅ Opens 8:30AM Thu,"['0x809143a61686c0f5:0x872f2be5345b8980', '0x809142ffc3ed36b1:0x1bbd92ebb781c3be', '0x809143043eb646cd:0xe3dccff94f9584b6', '0x8091430360ab39e3:0x550eb1568ef947c7']",https://www.google.com/maps/place//data=!4m2!3m1!1s0x809143a7c392ac3d:0xe7659e795f8b606a?authuser=-1&hl=en&gl=us,California
27,Odette Estate Winery,"Odette Estate Winery, 5998 Silverado Trail, Napa, CA 94558",0x80850021339ce29d:0x5cac349d8ff7fa34,"Sustainable winery with striking, contemporary tasting rooms, also offering food pairings & tours.",38.4063013,-122.3284792,"['Winery', 'Tourist attraction']",4.0,58,,"[['Tuesday', '10AM–4PM'], ['Wednesday', '10AM–4PM'], ['Thursday', '10AM–4PM'], ['Friday', '10AM–4PM'], ['Saturday', '10AM–4PM'], ['Sunday', '10AM–4PM'], ['Monday', '10AM–4PM']]",{'Accessibility': ['Wheelchair accessible entrance']},Opens soon ⋅ 10AM,"['0x8085003a6a8d544d:0x7739e78aa85cbbfe', '0x8084ff88f0cc3a59:0x3d1c99c763ccd6bb', '0x808505919fb34833:0x541c4f9951d44876', '0x8084ffe7ce318d8b:0x418d9e800beb8235', '0x8084ff94fa8ef8e5:0xcf122caee6775382']",https://www.google.com/maps/place//data=!4m2!3m1!1s0x80850021339ce29d:0x5cac349d8ff7fa34?authuser=-1&hl=en&gl=us,California
28,Jamba Mercado,"Jamba Mercado, 3119 Mission College Blvd, Santa Clara, CA 95054",0x808fc9dd790f4501:0xc7e61de9f9a9027f,"Straightforward counter-serve chain for smoothies, juices & health-focused light bites",37.389145,-121.98359,"['Juice shop', 'Restaurant']",4.0,87,$,"[['Monday', '8AM–8PM'], ['Tuesday', '8AM–8PM'], ['Wednesday', '8AM–8PM'], ['Thursday', '8AM–8PM'], ['Friday', '8AM–8PM'], ['Saturday', '8AM–8PM'], ['Sunday', '9AM–8PM']]","{'Service options': ['No-contact delivery', 'Delivery', 'Takeout', 'Dine-in'], 'Highlights': ['Fast service'], 'Popular for': ['Solo dining'], 'Accessibility': ['Wheelchair accessible entrance', 'Wheelchair accessible restroom'], 'Offerings': [""Kids' menu""], 'Dining options': ['Seating'], 'Amenities': ['Restroom'], 'Atmosphere': ['Casual'], 'Crowd': ['Family-friendly'], 'Payments': ['Checks', 'Debit cards', 'NFC mobile payments']}",Closed ⋅ Opens 8AM,"['0x808fcec9ba16cf61:0x803144d1d8b2ec91', '0x808fb600405baa05:0x3eb6fd1d90e660a8']",https://www.google.com/maps/place//data=!4m2!3m1!1s0x808fc9dd790f4501:0xc7e61de9f9a9027f?authuser=-1&hl=en&gl=us,California
29,Matuz Barbershop,"Matuz Barbershop, 1635 Sweetwater Rd, National City, CA 91950",0x80d9521cfea97bf3:0xc81812f27ce03413,,32.662222199999995,-117.0825,"['Barber shop', 'Beauty salon']",4.5,67,,"[['Wednesday', '9AM–8PM'], ['Thursday', '9AM–8PM'], ['Friday', '9AM–8PM'], ['Saturday', '9AM–7PM'], ['Sunday', '9AM–4PM'], ['Monday', '9AM–8PM'], ['Tuesday', '9AM–8PM']]",{'Accessibility': ['Wheelchair accessible entrance']},Closed ⋅ Opens 9AM Thu,"['0x80d952271b564b01:0x2635007ec222c9b8', '0x80d952464ac38d2f:0xf1f3771fdca1cbf9', '0x80d9521ac4c10761:0x393ff034a9df9a3c']",https://www.google.com/maps/place//data=!4m2!3m1!1s0x80d9521cfea97bf3:0xc81812f27ce03413?authuser=-1&hl=en&gl=us,California
30,Taquiza's Tzintzun,"Taquiza's Tzintzun, 836 E 25th St, Los Angeles, CA 90011",0x80c2c87ed845cb4f:0xb327ad290304b9b8,,34.020803,-118.25766,['Family restaurant'],4.9,25,,"[['Monday', 'Closed'], ['Tuesday', 'Closed'], ['Wednesday', 'Closed'], ['Thursday', 'Closed'], ['Friday', '3–11PM'], ['Saturday', '11AM–5PM'], ['Sunday', 'Closed']]","{'Service options': ['Outdoor seating', 'Takeout', 'Dine-in', 'Delivery'], 'Popular for': ['Lunch', 'Solo dining'], 'Accessibility': ['Wheelchair accessible entrance'], 'Offerings': ['Comfort food', 'Quick bite', 'Small plates'], 'Amenities': ['Good for kids'], 'Atmosphere': ['Casual', 'Cozy'], 'Crowd': ['Groups', 'Tourists']}",Closed ⋅ Opens 3PM Fri,"['0x80c2c98b29c9b153:0x42e6fe84fab3a296', '0x80c2c7d0cede8499:0x3c11b606a7124443', '0x80c2c86739751465:0xdd9844b5d9c28d87', '0x80c2cc985dd4eaf3:0x123e8dc4357c34b7']",https://www.google.com/maps/place//data=!4m2!3m1!1s0x80c2c87ed845cb4f:0xb327ad290304b9b8?authuser=-1&hl=en&gl=us,California
31,Sam's Hair Designer,"Sam's Hair Designer, 5241 Lincoln Ave # C3, Cypress, CA 90630",0x80dd2c1fec57e7dd:0x2f1a537f5520ba83,,33.8321647,-118.0411148,"['Beauty salon', 'Hair salon']",4.6,34,,"[['Saturday', '9AM–6PM'], ['Sunday', '10AM–5PM'], ['Monday', '10AM–7PM'], ['Tuesday', '10AM–7PM'], ['Wednesday', '10AM–7PM'], ['Thursday', '10AM–7PM'], ['Friday', '10AM–7PM']]",{'Accessibility': ['Wheelchair accessible entrance']},Open ⋅ Closes 6PM,"['0x80dd2ea8cb67ee8f:0x7968471b3ae979ab', '0x80dd292c18d19adf:0x6e0d9a215468b296', '0x80dd2c23329979db:0xc34d440ec17bce85', '0x80dd2e8dbf0dffbf:0xabe562fe2fdc02c1', '0x80dd2ec885736081:0x875b70d020325c']",https://www.google.com/maps/place//data=!4m2!3m1!1s0x80dd2c1fec57e7dd:0x2f1a537f5520ba83?authuser=-1&hl=en&gl=us,California
32,Wendy's,"Wendy's, 17940 Brookhurst St, Fountain Valley, CA 92708, United States",0x80dd273951553ac1:0x8bc8c24907fb507e,Fast-food burger chain serving sides such as chili & baked potatoes.,33.7026174,-117.9538375,"['Fast food restaurant', 'Hamburger restaurant', 'Restaurant']",4.0,864,₩,"[['Wednesday', '6:30AM–1AM'], ['Thursday', '6:30AM–1AM'], ['Friday', '6:30AM–2AM'], ['Saturday', '6:30AM–2AM'], ['Sunday', '6:30AM–1AM'], ['Monday', '6:30AM–1AM'], ['Tuesday', '6:30AM–1AM']]","{'Service options': ['Delivery', 'Drive-through', 'Takeaway', 'Dine-in'], 'Highlights': ['Fast service'], 'Popular for': ['Lunch', 'Dinner', 'Solo dining'], 'Accessibility': ['Wheelchair-accessible car park', 'Wheelchair-accessible entrance', 'Wheelchair-accessible seating', 'Wheelchair-accessible toilet'], 'Offerings': ['Coffee', ""Kids' menu"", 'Late-night food', 'Quick bite'], 'Dining options': ['Breakfast', 'Lunch', 'Dinner', 'Dessert'], 'Amenities': ['Good for kids', 'High chairs', 'Toilets'], 'Atmosphere': ['Casual'], 'Crowd': ['Family friendly', 'Groups'], 'Payments': ['Debit cards', 'Credit cards']}",Opens soon ⋅ 6:30AM,"['0x80dd271190ac1de3:0xfb98582993f73083', '0x80dd20cc98b16063:0x627206ca82e14ca1', '0x80dd2734ad40a653:0x5aef37610f89e1b6', '0x80dd20cb7c5b53b5:0x6c425c3978ab3610', '0x80dd20cc847f2cf1:0xa5f35b1ee00f464f']",https://www.google.com/maps/place//data=!4m2!3m1!1s0x80dd273951553ac1:0x8bc8c24907fb507e?authuser=-1&hl=en&gl=kr,California
33,GNC,"GNC, 13765 SW 152nd St, Miami, FL 33177",0x88d9c22959c67561:0x6ef51aafbd19de43,"Retail chain selling health- & sports-related vitamins, supplements & herbs, plus drinks & snacks.",25.6270626,-80.41675409999999,['Vitamin & supplements store'],4.1,18,$$,"[['Sunday', '12–6PM'], ['Monday', '10AM–9PM'], ['Tuesday', '10AM–9PM'], ['Wednesday', '10AM–9PM'], ['Thursday', '10AM–9PM'], ['Friday', '10AM–9PM'], ['Saturday', '10AM–9PM']]","{'Service options': ['Delivery', 'In-store pickup', 'In-store shopping', 'Same-day delivery'], 'Health & safety': ['Staff required to disinfect surfaces between visits'], 'Planning': ['Quick visit'], 'Payments': ['Checks', 'Debit cards', 'NFC mobile payments']}",Closed ⋅ Opens 12PM,"['0x88d9c479661e8243:0x1cf33484327fe56d', '0x88d9c108e0ba2107:0xb1979612d06fa88b', '0x88d9c0e7bd21f9e1:0x224d7be88a903d1c']",https://www.google.com/maps/place//data=!4m2!3m1!1s0x88d9c22959c67561:0x6ef51aafbd19de43?authuser=-1&hl=en&gl=us,Florida
34,Panda Boba,"Panda Boba, 2763 San Bruno Ave, San Francisco, CA 94134",0x808f7ee25eed13ef:0x7ad573b0e135a070,,37.726872,-122.4030846,['Tea house'],4.5,53,$,"[['Wednesday', '11AM–6:30PM'], ['Thursday', '11AM–6:30PM'], ['Friday', '11AM–6:30PM'], ['Saturday', '11AM–6:30PM'], ['Sunday', '11AM–6:30PM'], ['Monday', '11AM–6:30PM'], ['Tuesday', '11AM–6:30PM']]","{'Service options': ['Takeout', 'Delivery'], 'Highlights': ['Fast service', 'Great tea selection'], 'Popular for': ['Solo dining'], 'Accessibility': ['Wheelchair accessible restroom'], 'Offerings': ['Coffee', 'Comfort food', 'Quick bite'], 'Dining options': ['Dessert'], 'Amenities': ['Good for kids'], 'Atmosphere': ['Casual', 'Cozy'], 'Crowd': ['College students', 'Tourists'], 'Payments': ['NFC mobile payments']}",Closed ⋅ Opens 11AM,"['0x808f7efcd83bf55d:0x1e1aab2ac0d42ba6', '0x808f7f9f8c4fd4cb:0x9c89fbf11a2cb1c3', '0x808f7a2c14bcefcb:0x8a9e2d393e4a0e37']",https://www.google.com/maps/place//data=!4m2!3m1!1s0x808f7ee25eed13ef:0x7ad573b0e135a070?authuser=-1&hl=en&gl=us,California
35,Journeys,"Journeys, 6600 Topanga Canyon Blvd #2110, Canoga Park, CA 91303",0x80c29c22ebd4a073:0xf6971ff0797c7ddb,"Teen-oriented chain supplying casual, surf-&-skate-inspired clothes, shoes & accessories.",34.191024299999995,-118.6036285,"['Shoe store', 'Clothing store']",4.6,17,$$,"[['Monday', '11AM–8PM'], ['Tuesday', '11AM–8PM'], ['Wednesday', '11AM–8PM'], ['Thursday', '11AM–8PM'], ['Friday', '10AM–8PM'], ['Saturday', '10AM–8PM'], ['Sunday', '11AM–7PM']]","{'Service options': ['In-store shopping', 'Delivery'], 'Accessibility': ['Wheelchair accessible entrance', 'Wheelchair accessible parking lot'], 'Planning': ['Quick visit'], 'Payments': ['Checks', 'Debit cards', 'NFC mobile payments', 'Credit cards']}",Closed ⋅ Opens 11AM,"['0x80c29c22e0a382bf:0x1ab68bc9a82dcd2e', '0x80c29c1872b99d55:0xd4f44d42afcee0c3', '0x80c29c22ebd4a073:0x840151ca9f2dbfea', '0x80c29c187f394bab:0xbe9bbc9772aeb1a4', '0x80c29df97a0b273b:0x3b1c51842070fcf7']",https://www.google.com/maps/place//data=!4m2!3m1!1s0x80c29c22ebd4a073:0xf6971ff0797c7ddb?authuser=-1&hl=en&gl=us,California
36,Classic Air Conditioning Inc.,,0x88e5ce99ab0fad71:0x4076d94621d25902,,30.2639384,-81.5217205,"['HVAC contractor', 'Air conditioning contractor', 'Air conditioning repair service', 'Service establishment', 'Furnace repair service', 'Heating contractor']",4.9,35,,"[['Monday', '8AM–11PM'], ['Tuesday', '8AM–11PM'], ['Wednesday', '8AM–11PM'], ['Thursday', '8AM–11PM'], ['Friday', '8AM–11PM'], ['Saturday', '9AM–12PM'], ['Sunday', 'Closed']]",,Closed ⋅ Opens 8AM,"['0x88e5b509f0d87e65:0xf83639c9c6d2cc55', '0x88e44b6f87fd68f9:0x89630070f67b41f9', '0x88e44b977780c66d:0x7a5c954c377216f', '0x88e5b66851220f29:0xd732d697b812cb0e', '0x88e5b668c5750881:0xcde69657c33f80e0']",https://www.google.com/maps/place//data=!4m2!3m1!1s0x88e5ce99ab0fad71:0x4076d94621d25902?authuser=-1&hl=en&gl=us,Florida
37,Kelley | Uustal,"Kelley | Uustal, 500 N Federal Hwy #200, Fort Lauderdale, FL 33301",0x88d9027602ffd129:0x8196395bb4167c25,,26.128302,-80.1371765,"['Personal injury attorney', 'Law firm', 'Attorney']",4.9,48,,"[['Tuesday', 'Open 24 hours'], ['Wednesday', 'Open 24 hours'], ['Thursday', 'Open 24 hours'], ['Friday', 'Open 24 hours'], ['Saturday', 'Open 24 hours'], ['Sunday', 'Open 24 hours'], ['Monday', 'Open 24 hours']]","{'Service options': ['Online appointments', 'Onsite services'], 'Accessibility': ['Wheelchair accessible entrance', 'Wheelchair accessible restroom'], 'Amenities': ['Restroom'], 'Planning': ['Appointments recommended']}",Open 24 hours,"['0x88d90059021bc991:0x4ef6ee08f46465e', '0x88d901ffc76febcf:0xa6428640fc6a5d20', '0x88d90056e10cf92d:0x4f8d80619d81a071', '0x88d9005e57039e77:0xe683c7be779f145a']",https://www.google.com/maps/place//data=!4m2!3m1!1s0x88d9027602ffd129:0x8196395bb4167c25?authuser=-1&hl=en&gl=us,Florida
38,Le Jeune Liquor Store,"Le Jeune Liquor Store, 1110 E 8th Ave, Hialeah, FL 33010",0x88d9b0a2ab4df103:0xf7113636b942e10,,25.832497,-80.265911,['Liquor store'],4.8,188,,"[['Wednesday', '10AM–10PM'], ['Thursday', '10AM–10PM'], ['Friday', '10AM–12AM'], ['Saturday', '10AM–12AM'], ['Sunday', '10AM–9PM'], ['Monday', '10AM–10PM'], ['Tuesday', '10AM–10PM']]","{'From the business': ['Identifies as veteran-led'], 'Service options': ['Delivery', 'In-store pickup', 'In-store shopping', 'Same-day delivery'], 'Health & safety': ['Mask required', 'Staff required to disinfect surfaces between visits', 'Safety dividers at checkout'], 'Accessibility': ['Wheelchair accessible entrance', 'Wheelchair accessible parking lot'], 'Amenities': ['Wi-Fi'], 'Planning': ['Quick visit'], 'Payments': ['Debit cards', 'NFC mobile payments', 'Credit cards']}",Closed ⋅ Opens 10AM,"['0x88d9b0a24f571e71:0x3187a7233ee70a85', '0x88d9b0a5c651662b:0x15a0aa9cff0189e3', '0x88d9ba86b62c3465:0x98e303c296ec854b', '0x88d9b15280d3626b:0xe6891aaf23acb8a0', '0x88d9bb04795e1f3d:0xb9d4796d108e17a']",https://www.google.com/maps/place//data=!4m2!3m1!1s0x88d9b0a2ab4df103:0xf7113636b942e10?authuser=-1&hl=en&gl=us,Florida
39,South Shore Community Center,"South Shore Community Center, 833 6th St #2, Miami Beach, FL 33139",0x88d9b4f3502620dd:0x7fad0b353d78dbe0,,25.7760753,-80.1368644,['Community center'],4.6,54,,,{'Accessibility': ['Wheelchair accessible entrance']},,"['0x88d9b22690601eef:0x2414613bb99f956f', '0x88d9b2c2b1edfe4b:0x3499e6614d548855', '0x88d9b834e97482fd:0x6aaa5f870d035f85', '0x88d9b29819cb0449:0xb5812941e2d4b06a']",https://www.google.com/maps/place//data=!4m2!3m1!1s0x88d9b4f3502620dd:0x7fad0b353d78dbe0?authuser=-1&hl=en&gl=us,Florida
40,Xtreme Recovery & Transport,"Xtreme Recovery & Transport, 26350 Old 41 Rd #1, Bonita Springs, FL 34135",0x88db19f155f572eb:0xf071db0d13267e00,,26.3548627,-81.78410989999999,['Towing service'],3.6,68,,"[['Saturday', 'Open 24 hours'], ['Sunday', 'Open 24 hours'], ['Monday', 'Open 24 hours'], ['Tuesday', 'Open 24 hours'], ['Wednesday', 'Open 24 hours'], ['Thursday', 'Open 24 hours'], ['Friday', 'Open 24 hours']]",,Open 24 hours,"['0x88db1a27e120160f:0xee20738f3f6ad584', '0x88db1a27e3d4a571:0xdcaa86daad22bf44', '0x88db19a97f8c0331:0x74f872f580487fcb', '0x88db1ddf45977b85:0xac3b0a6969325251', '0x88db1dd63a58858b:0x3744462fb988cad5']",https://www.google.com/maps/place//data=!4m2!3m1!1s0x88db19f155f572eb:0xf071db0d13267e00?authuser=-1&hl=en&gl=us,Florida
41,Mobil,"Mobil, 8840 Philips Hwy, Jacksonville, FL 32256",0x88e5cbb43e950fa5:0xce4d4c972475ad77,,30.206618,-81.5777641,['Gas station'],3.7,16,,"[['Saturday', 'Open 24 hours'], ['Sunday', 'Open 24 hours'], ['Monday', 'Open 24 hours'], ['Tuesday', 'Open 24 hours'], ['Wednesday', 'Open 24 hours'], ['Thursday', 'Open 24 hours'], ['Friday', 'Open 24 hours']]",{'Accessibility': ['Wheelchair accessible entrance']},Open 24 hours,"['0x88e5cecc9475ea17:0x18e3db2256e7eb6b', '0x88e5cb70fda92cd3:0xafbacee2a15b6fb8', '0x88e5b707f4079c0b:0x3212cde61f841671']",https://www.google.com/maps/place//data=!4m2!3m1!1s0x88e5cbb43e950fa5:0xce4d4c972475ad77?authuser=-1&hl=en&gl=us,Florida
42,Loncheria La Paloma,"Loncheria La Paloma, 333 Cooper Rd, Oxnard, CA 93030",0x80e84c2f447cf553:0xc9a2e9e88600c73f,,34.2047184,-119.1745752,['Restaurant'],4.3,58,$,"[['Thursday', 'Open 24 hours'], ['Friday', 'Open 24 hours'], ['Saturday', 'Open 24 hours'], ['Sunday', '8AM–10PM'], ['Monday', 'Open 24 hours'], ['Tuesday', 'Open 24 hours'], ['Wednesday', 'Open 24 hours']]","{'Service options': ['Delivery'], 'Amenities': ['Good for kids']}",Permanently closed,"['0x80e84c2f45f9c023:0x4e8f0cb74f1cae4', '0x80e84dacb8f71009:0x6391b82b2d676624', '0x80e84c1468d754a9:0x8ceabfe16cb65e30', '0x80e84e829427ed1d:0x4803d2a554c4482c', '0x80e84c592d01c31f:0xa9d351efe8c0d229']",https://www.google.com/maps/place//data=!4m2!3m1!1s0x80e84c2f447cf553:0xc9a2e9e88600c73f?authuser=-1&hl=en&gl=us,California
43,DR BRAKES COMPLETE AUTO REPAIR,"DR BRAKES COMPLETE AUTO REPAIR, 3109 W Atlantic Blvd, Pompano Beach, FL 33069",0x88d90373aaa8620b:0xeac63601eeca6b0,,26.232949,-80.166034,"['Auto repair shop', 'Auto tune up service', 'Brake shop', 'Oil change service']",4.8,115,,"[['Monday', '8AM–5PM'], ['Tuesday', '8AM–5PM'], ['Wednesday', '8AM–5PM'], ['Thursday', '8AM–5PM'], ['Friday', '8AM–5PM'], ['Saturday', 'Closed'], ['Sunday', 'Closed']]","{'Offerings': ['Oil change'], 'Amenities': ['Mechanic', 'Restroom'], 'Planning': ['Appointments recommended']}",Open ⋅ Closes 5PM,"['0x88d91006632bae29:0x2adaf6218e88511e', '0x88d902f7b47a45a9:0xfda4f9d202a05a3e', '0x88d9059a2dd963b7:0xc71d9d8e50fed8a7']",https://www.google.com/maps/place//data=!4m2!3m1!1s0x88d90373aaa8620b:0xeac63601eeca6b0?authuser=-1&hl=en&gl=us,Florida
44,Acceptance Insurance,"Acceptance Insurance, 240 W East Ave Ste C, Chico, CA 95926",0x8082d886ff67ded1:0x372fd741b383af33,,39.7550287,-121.8648274,"['Insurance agency', 'Auto insurance agency', 'Motorcycle insurance agency', ""Renter's insurance agency""]",4.9,78,,"[['Tuesday', '9AM–6PM'], ['Wednesday', '9AM–6PM'], ['Thursday', '9AM–6PM'], ['Friday', '9AM–6PM'], ['Saturday', '10AM–2PM'], ['Sunday', 'Closed'], ['Monday', '9AM–6PM']]",{'Accessibility': ['Wheelchair accessible entrance']},Open ⋅ Closes 6PM,"['0x808327806ac47083:0xf59f3cd3f812baff', '0x8083278735c6e5fb:0xd3368f27a7ca600d', '0x8083289a63344eb5:0x66c97ee45ff1a9b', '0x8082d87ff057c23f:0x845a2957fa4c2a7d', '0x8082d88fa6c4881d:0xe1fa887afef21a30']",https://www.google.com/maps/place//data=!4m2!3m1!1s0x8082d886ff67ded1:0x372fd741b383af33?authuser=-1&hl=en&gl=us,California
45,Oportun,"Oportun, 5630 E Whittier Blvd, Commerce, CA 90022",0x80c2cfaf912e6d5f:0x6955061e4b9f3222,,34.0174544,-118.1499867,"['Loan agency', 'Financial institution']",4.8,104,,"[['Wednesday', '11AM–6:30PM'], ['Thursday', '11AM–6:30PM'], ['Friday', '11AM–6:30PM'], ['Saturday', '10AM–5PM'], ['Sunday', '10AM–4PM'], ['Monday', '11AM–6:30PM'], ['Tuesday', '11AM–6:30PM']]","{'Service options': ['Onsite services'], 'Health & safety': ['Staff wear masks', 'Staff required to disinfect surfaces between visits'], 'Accessibility': ['Wheelchair accessible entrance']}",Open ⋅ Closes 6:30PM,"['0x80c2cf0be5e3f40b:0x41bdd6182e2480f6', '0x80c2cf917891988b:0x1a789744e848fe68', '0x80c2c8f3de0c2e45:0xbeeca86d12800a4a', '0x80c2d1d379f35aed:0xfe5cabaf77019cec']",https://www.google.com/maps/place//data=!4m2!3m1!1s0x80c2cfaf912e6d5f:0x6955061e4b9f3222?authuser=-1&hl=en&gl=us,California
46,Trunk Show,"Trunk Show, 475 N Lake Blvd #103, Tahoe City, CA 96145",0x80997d767bfd62e3:0x1ed3f147ccb8483,,39.170569,-120.141848,"['Art gallery', 'Jewelry store', 'Tea house']",4.8,18,,"[['Sunday', '10:30AM–6PM'], ['Monday', '10:30AM–6PM'], ['Tuesday', 'Closed'], ['Wednesday', '10:30AM–6PM'], ['Thursday', '10:30AM–6PM'], ['Friday', '12–6PM'], ['Saturday', '10:30AM–6PM']]","{'Accessibility': ['Wheelchair accessible entrance'], 'Amenities': ['Restaurant']}",Closed ⋅ Opens 10:30AM Mon,"['0x80997d743157919b:0xbc39c35b27ebf73e', '0x80997d76783184b5:0xd55c0ec973e204cb', '0x80997d767ed94e51:0xf2962290a6419bbe', '0x80997d74f0ee5d8f:0xb6724360f56877c1', '0x80997d75d10f11ad:0x3a8b44dd8e075005']",https://www.google.com/maps/place//data=!4m2!3m1!1s0x80997d767bfd62e3:0x1ed3f147ccb8483?authuser=-1&hl=en&gl=us,California
47,Walgreens,"Walgreens, 1251 S State Rd 7, Plantation, FL 33317",0x88d906c358770ad9:0x5a744ab6b6452750,"Drugstore chain with health & beauty aids, prescriptions & photo services, plus mini-mart basics.",26.1050146,-80.2020596,"['Drug store', 'Beauty supply store', 'Convenience store', 'Cosmetics store', 'Greeting card shop', 'Perfume store', 'Stationery store']",3.0,58,$$,"[['Friday', '7AM–11PM'], ['Saturday', '7AM–11PM'], ['Sunday', '7AM–11PM'], ['Monday', '7AM–11PM'], ['Tuesday', '7AM–11PM'], ['Wednesday', '7AM–11PM'], ['Thursday', '7AM–11PM']]","{'Service options': ['Curbside pickup', 'Delivery', 'Drive-through', 'In-store pickup', 'In-store shopping'], 'Health & safety': ['Mask required', 'Staff wear masks', 'Staff get temperature checks', 'Staff required to disinfect surfaces between visits', 'Safety dividers at checkout'], 'Accessibility': ['Wheelchair accessible entrance', 'Wheelchair accessible parking lot'], 'Offerings': ['Passport photos'], 'Planning': ['Quick visit'], 'Payments': ['Debit cards', 'NFC mobile payments', 'Credit cards']}",Closed ⋅ Opens 7AM,"['0x88d907497a439eb5:0x9ba903b01e342a9f', '0x88d9094346b880ad:0xdffdb86594098bd7', '0x88d900e460eefd55:0xe6afa78087959b96', '0x88d907c648b56883:0xec38c4fb82b220e4', '0x88d9078a3622c8d5:0x71e7d8046c758824']",https://www.google.com/maps/place//data=!4m2!3m1!1s0x88d906c358770ad9:0x5a744ab6b6452750?authuser=-1&hl=en&gl=us,Florida
48,Chevron,"Chevron, 598 N Eastern Ave, Las Vegas, NV 89101",0x80c8c341b63e9047:0xaa9e0d6ac703b94e,,36.173569,-115.115731,"['Gas station', 'Diesel fuel supplier', 'Fuel pump']",3.5,68,,"[['Tuesday', 'Open 24 hours'], ['Wednesday', 'Open 24 hours'], ['Thursday', 'Open 24 hours'], ['Friday', 'Open 24 hours'], ['Saturday', 'Open 24 hours'], ['Sunday', 'Open 24 hours'], ['Monday', 'Open 24 hours']]",{'Accessibility': ['Wheelchair accessible entrance']},Open 24 hours,"['0x80c8c36098743a2f:0xa32384ede1666f9d', '0x80c8c5295b0adbc9:0x7ab7000559f9cc83', '0x80c8e86f5b10a987:0xdb2d6929839403a5', '0x80c8e9de629400bb:0xa700bea278d8b0a1', '0x80c8c5d4acc31b85:0x22c2b0b81222fd']",https://www.google.com/maps/place//data=!4m2!3m1!1s0x80c8c341b63e9047:0xaa9e0d6ac703b94e?authuser=-1&hl=en&gl=us,Nevada
49,Courtesy Toyota Of Brandon,"Courtesy Toyota Of Brandon, 9210 E Adamo Dr, Tampa, FL 33619, United States",0x88c2cf06c198a637:0x58b4537b09f81825,,27.9508766,-82.3520551,"['Toyota dealer', 'Car dealer', 'Electric vehicle charging station', 'Used car dealer']",4.5,8398,,"[['Thursday', '7AM–7PM'], ['Friday', '7AM–7PM'], ['Saturday', '7AM–7PM'], ['Sunday', '11AM–6PM'], ['Monday', '7AM–7PM'], ['Tuesday', '7AM–7PM'], ['Wednesday', '7AM–7PM']]","{'Service options': ['In-store shopping'], 'Accessibility': ['Wheelchair-accessible entrance'], 'Offerings': ['Car hire', 'Car wash', 'Oil change', 'Repair services'], 'Payments': ['Cheques', 'Debit cards']}",Closed ⋅ Opens 7AM,"['0x88c2c7137d6d5a4d:0xed46ba6266afe648', '0x88c2c3da8ebcaabf:0x3afe591b6b78250a', '0x88c2cf06e494bb51:0xc54922d9773ec85e', '0x88c2cf06c198a637:0xb27163c598355037', '0x88c2ceff24e5291f:0x8298c35d9a8f59ee']",https://www.google.com/maps/place//data=!4m2!3m1!1s0x88c2cf06c198a637:0x58b4537b09f81825?authuser=-1&hl=en&gl=ae,Florida
50,Los Portales Market and Carniceria,"Los Portales Market and Carniceria, 441 Bridge St ste g, Yuba City, CA 95991",0x809b5347ab7c8527:0x3d4a874d151c78a1,,39.1361477,-121.6145016,"['Mexican grocery store', 'Butcher shop', 'Mexican restaurant']",4.5,36,,"[['Thursday', '9AM–7PM'], ['Friday', '9AM–7PM'], ['Saturday', '8AM–6PM'], ['Sunday', '8AM–6PM'], ['Monday', '9AM–7PM'], ['Tuesday', '9AM–7PM'], ['Wednesday', '9AM–7PM']]","{'Service options': ['In-store pickup', 'In-store shopping', 'Delivery'], 'Highlights': ['Great produce'], 'Accessibility': ['Wheelchair accessible entrance', 'Wheelchair accessible parking lot'], 'Offerings': ['Prepared foods'], 'Planning': ['Quick visit'], 'Payments': ['Debit cards', 'NFC mobile payments', 'Credit cards']}",Closed ⋅ Opens 9AM Fri,"['0x809b532f5bc6f93d:0xf140ee9b07e6f7c9', '0x8084acb48f773dd9:0x68701d4b5722c53d', '0x809b53775861baab:0x72d586926cb48203', '0x809b5322d4bc9769:0x3ff6bc38e785f96a']",https://www.google.com/maps/place//data=!4m2!3m1!1s0x809b5347ab7c8527:0x3d4a874d151c78a1?authuser=-1&hl=en&gl=us,California
51,CosmoProf,"CosmoProf, 8354 W 3rd St, Los Angeles, CA 90048",0x80c2b94a371ff755:0x6cb28bbc2648e24d,,34.072706,-118.3719496,['Beauty supply store'],4.6,25,,"[['Wednesday', '8AM–6PM'], ['Thursday', '8AM–6PM'], ['Friday', '8AM–6PM'], ['Saturday', '8AM–4PM'], ['Sunday', '12–4PM'], ['Monday', '8AM–6PM'], ['Tuesday', '8AM–6PM']]","{'Service options': ['Curbside pickup', 'Delivery', 'In-store pickup', 'In-store shopping', 'Same-day delivery'], 'Accessibility': ['Wheelchair accessible entrance'], 'Planning': ['Quick visit'], 'Payments': ['Debit cards', 'NFC mobile payments']}",Closes soon ⋅ 6PM ⋅ Opens 8AM Thu,"['0x80c2bebdaee6875b:0x42df340d09e5f259', '0x80c2b91ffe0ca6bb:0xfbca423955971514', '0x80c2b971ea59e449:0x9efa31051cd5e900', '0x80c2bedf2a944a03:0x2d2139dbd7a4f249']",https://www.google.com/maps/place//data=!4m2!3m1!1s0x80c2b94a371ff755:0x6cb28bbc2648e24d?authuser=-1&hl=en&gl=us,California
52,Sago Tea Bar ATBP,"Sago Tea Bar ATBP, 452 S Hunt Club Blvd, Apopka, FL 32703",0x88e777fd25db4b75:0xeebed7f0120deec1,,28.6734306,-81.4501902,['Restaurant'],4.9,58,,"[['Monday', '12–9PM'], ['Tuesday', '12–9PM'], ['Wednesday', '12–9PM'], ['Thursday', '12–9PM'], ['Friday', '12–10PM'], ['Saturday', '12–10PM'], ['Sunday', '11AM–8PM']]","{'From the business': ['Identifies as women-led'], 'Service options': ['Outdoor seating', 'Takeout', 'Dine-in'], 'Health & safety': ['Mask required', 'Staff wear masks', 'Staff required to disinfect surfaces between visits'], 'Highlights': ['Great dessert', 'Great tea selection'], 'Popular for': ['Solo dining'], 'Accessibility': ['Wheelchair accessible entrance'], 'Offerings': ['Comfort food', 'Quick bite'], 'Dining options': ['Dessert', 'Seating'], 'Amenities': ['Good for kids'], 'Atmosphere': ['Casual', 'Cozy'], 'Crowd': ['Family-friendly', 'Groups'], 'Payments': ['Debit cards', 'NFC mobile payments']}",Open ⋅ Closes 9PM,,https://www.google.com/maps/place//data=!4m2!3m1!1s0x88e777fd25db4b75:0xeebed7f0120deec1?authuser=-1&hl=en&gl=us,Florida
53,Organic nail bar,"Organic nail bar, 5625 Seven Mile Dr # 106, Wildwood, FL 34785",0x88e7dd7223bcd51d:0xfffffcb8157fd0e0,,28.8660011,-82.00992579999999,['Nail salon'],4.3,28,,"[['Thursday', '9AM–7PM'], ['Friday', '9AM–7PM'], ['Saturday', '9AM–7PM'], ['Sunday', '11AM–5PM'], ['Monday', '9AM–7PM'], ['Tuesday', '9AM–7PM'], ['Wednesday', '9AM–7PM']]","{'Accessibility': ['Wheelchair accessible entrance'], 'Planning': ['Appointments recommended'], 'Payments': ['Credit cards']}",Closed ⋅ Opens 9AM Fri,"['0x88e7c2dcc67bb1dd:0x4374a61bfeab7c89', '0x88e7c2c5261365e7:0x6ff33754b09f5114', '0x88e7c318f4017557:0x7ee181eef41d8a63', '0x88e7dcd52cd81f41:0x431ea039de50e6b5', '0x88e7c4eb788ec183:0x212e7b2db276fb73']",https://www.google.com/maps/place//data=!4m2!3m1!1s0x88e7dd7223bcd51d:0xfffffcb8157fd0e0?authuser=-1&hl=en&gl=us,Florida
54,Made in America Made in Japan,"Made in America Made in Japan, 2668 Sunrise Blvd, Rancho Cordova, CA 95742",0x809add7b53f99213:0xf1b81912a7cdb1ba,,38.6046303,-121.2689968,"['Auto repair shop', 'Auto electrical service', 'Brake shop', 'Mechanic', 'RV repair shop', 'Smog inspection station', 'Transmission shop']",4.1,36,,"[['Friday', '7:30AM–5:30PM'], ['Saturday', 'Closed'], ['Sunday', 'Closed'], ['Monday', '7:30AM–5:30PM'], ['Tuesday', '7:30AM–5:30PM'], ['Wednesday', '7:30AM–5:30PM'], ['Thursday', '7:30AM–5:30PM']]","{'Accessibility': ['Wheelchair accessible entrance'], 'Offerings': ['Oil change'], 'Amenities': ['Mechanic'], 'Planning': ['Appointments recommended']}",Open ⋅ Closes 5:30PM,"['0x809ada39a4d4ad4b:0x4f6cdd67406f354c', '0x809b206dcb80a853:0x9fa78205dffa4e9d', '0x809ae787643c2511:0x2f723b89432b97cc', '0x809add654cee30f5:0x2a77941a5cb795a6', '0x809ad0d61462db85:0xd1b56be9421b4c6a']",https://www.google.com/maps/place//data=!4m2!3m1!1s0x809add7b53f99213:0xf1b81912a7cdb1ba?authuser=-1&hl=en&gl=us,California
55,Slice of Old Sacramento,"Slice of Old Sacramento, 1019 2nd St, Sacramento, CA 95814",0x809ad6cd381c775b:0x8000709954ca2ed7,Pizza slices share the menu with specialty and build-your-own pies at this laid-back pizzeria.,38.5824695,-121.5042179,"['Pizza restaurant', 'Convenience store']",4.3,48,$,"[['Sunday', '11AM–5PM'], ['Monday', '11AM–5PM'], ['Tuesday', '11AM–5PM'], ['Wednesday', '11AM–5PM'], ['Thursday', '11AM–5PM'], ['Friday', '11AM–5PM'], ['Saturday', '11AM–5PM']]","{'Service options': ['Outdoor seating', 'No-contact delivery', 'Delivery', 'Takeout'], 'Health & safety': ['Mask required'], 'Popular for': ['Lunch', 'Dinner', 'Solo dining'], 'Accessibility': ['Wheelchair accessible entrance'], 'Offerings': ['Comfort food', 'Quick bite'], 'Amenities': ['Good for kids'], 'Atmosphere': ['Casual', 'Cozy'], 'Crowd': ['College students', 'Groups', 'Tourists'], 'Payments': ['NFC mobile payments']}",Closes soon ⋅ 5PM ⋅ Opens 11AM Mon,"['0x809ad6cd2586af87:0xe670dc7f32918b3e', '0x809ad6ccdc1fb5e3:0x21b90a10fdcbe652', '0x809ad6cd264b99ef:0x8be1383da00c8ca0', '0x809ad6cd3713a2c9:0xef10de0490c12305']",https://www.google.com/maps/place//data=!4m2!3m1!1s0x809ad6cd381c775b:0x8000709954ca2ed7?authuser=-1&hl=en&gl=us,California
56,Wells Fargo Bank,"Wells Fargo Bank, 9800 San Pablo Ave, El Cerrito, CA 94530",0x808579249ae802bb:0xa6d276855f14b10c,,37.8980242,-122.3010704,"['Bank', 'ATM']",3.6,28,,"[['Sunday', 'Closed'], ['Monday', '9AM–5PM'], ['Tuesday', '9AM–5PM'], ['Wednesday', '9AM–5PM'], ['Thursday', '9AM–5PM'], ['Friday', '9AM–5PM'], ['Saturday', '9AM–12PM']]","{'Accessibility': ['Wheelchair accessible entrance', 'Wheelchair accessible parking lot'], 'Offerings': ['Cash advance']}",Closed ⋅ Opens 9AM Mon,"['0x808579230b93077d:0x90956fcc8c9bdc2f', '0x8085792e282a41c5:0x737bb54e1e084f96', '0x80857e96125878ad:0x66640f3d2f9a5eea', '0x808577ee40efabe3:0x2fb68e40b19b86a3', '0x8085785401707159:0x87082f5e83676d8a']",https://www.google.com/maps/place//data=!4m2!3m1!1s0x808579249ae802bb:0xa6d276855f14b10c?authuser=-1&hl=en&gl=us,California
57,P R Smog,"P R Smog, 119 N D St, Porterville, CA 93257",0x80eab841605a30a3:0xf132083836c9feca,,36.0674971,-119.0186831,['Smog inspection station'],4.3,28,,"[['Sunday', 'Closed'], ['Monday', '8AM–5PM'], ['Tuesday', '8AM–5PM'], ['Wednesday', '8AM–5PM'], ['Thursday', '8AM–5PM'], ['Friday', '8AM–5PM'], ['Saturday', '9AM–3PM']]",{'Accessibility': ['Wheelchair accessible entrance']},Closed ⋅ Opens 8AM Mon,"['0x80eab85b7f68fb69:0xd32bd45ee3f77957', '0x80eab8569ce5467d:0x36df5d0cfb72108d', '0x80eab8433fd3c8a7:0xd28449113838b3bb', '0x80eab86d796490db:0x5fc46121d47461bb', '0x80eac7f377acc2b5:0xa74137089e21e940']",https://www.google.com/maps/place//data=!4m2!3m1!1s0x80eab841605a30a3:0xf132083836c9feca?authuser=-1&hl=en&gl=us,California
58,The Village at Lake Lily Apartments,"The Village at Lake Lily Apartments, 921 S Orlando Ave, Maitland, FL 32751",0x88e771ca15c133b3:0x981e49cb3fd69c7c,,28.6191148,-81.36580649999999,"['Apartment complex', 'Apartment building', 'Apartment rental agency']",4.5,197,,"[['Monday', '9AM–6PM'], ['Tuesday', '9AM–6PM'], ['Wednesday', '9AM–6PM'], ['Thursday', '9AM–6PM'], ['Friday', '9AM–6PM'], ['Saturday', '10AM–5PM'], ['Sunday', '1–5PM']]",{'Accessibility': ['Wheelchair accessible entrance']},Closed ⋅ Opens 9AM,"['0x88e7704ab1cd6e37:0xdc5e06c1b54b3ee6', '0x88e77035f3d3c8b7:0xa508db9a7793c8f9', '0x88e7711c22b11011:0x3cef1afd1cc9a86b', '0x88e77053501ce7b9:0x8ffbff86a513e0ab', '0x88e77121415599ef:0x2cf091af571312b3']",https://www.google.com/maps/place//data=!4m2!3m1!1s0x88e771ca15c133b3:0x981e49cb3fd69c7c?authuser=-1&hl=en&gl=us,Florida
59,Connection Church,"Connection Church, 700 Generation Point, Kissimmee, FL 34744",0x88dd85eaf68dce7f:0x46ce8342fb01931b,,28.2854352,-81.3601266,"['Church', 'Christian church', 'Non-denominational church']",4.5,18,,,{'Accessibility': ['Wheelchair accessible entrance']},,"['0x88dd84232b2ad11f:0x66c2f1108e616d6b', '0x88dd815e6c988517:0xcdc7a7a5805e7e7', '0x88dd8471dd7e05c3:0x776cac974b0aba4', '0x88dd841ab115da1b:0x9d8aba52a3d076a0']",https://www.google.com/maps/place//data=!4m2!3m1!1s0x88dd85eaf68dce7f:0x46ce8342fb01931b?authuser=-1&hl=en&gl=us,Florida
60,West Broward Eyecare Associates,"West Broward Eyecare Associates, 7822 N University Dr, Tamarac, FL 33321",0x88d905a2e72eaa3f:0x9edfe2429c72ba90,,26.2191248,-80.2520971,"['Eye care center', 'Optometrist']",4.9,427,,"[['Monday', '9AM–5PM'], ['Tuesday', '9AM–5PM'], ['Wednesday', '9AM–5PM'], ['Thursday', '9AM–5PM'], ['Friday', '9AM–4PM'], ['Saturday', 'Closed'], ['Sunday', 'Closed']]","{'Accessibility': ['Wheelchair accessible entrance'], 'Planning': ['Appointments recommended']}",Closed ⋅ Opens 9AM,"['0x88d905c188826b5d:0x1e16dd2161be0211', '0x88d901f3ff817523:0x4f1a39b930b2dda5', '0x88d905dac97e1651:0xe2dc6e9bfdf02d81', '0x88d905ddae217f45:0xe021399b2cf38fed', '0x88d905bf852e092b:0x17b41b82e7da7f14']",https://www.google.com/maps/place//data=!4m2!3m1!1s0x88d905a2e72eaa3f:0x9edfe2429c72ba90?authuser=-1&hl=en&gl=us,Florida
61,Junk King Inland Empire,"Junk King Inland Empire, 10022 6th St Unit K, Rancho Cucamonga, CA 91730",0x80c3352c55434b87:0x82329175350b20a9,,34.085045,-117.587697,"['Garbage collection service', 'Debris removal service', 'Garbage dump service', 'Waste management service']",4.9,228,,"[['Sunday', '6AM–5PM'], ['Monday', '3:30AM–7PM'], ['Tuesday', '3:30AM–7PM'], ['Wednesday', '3:30AM–7PM'], ['Thursday', '3:30AM–7PM'], ['Friday', '3:30AM–7PM'], ['Saturday', '3:30AM–6:30PM']]","{'Service options': ['Online estimates', 'Onsite services'], 'Health & safety': ['Appointment required', 'Mask required', 'Staff wear masks']}",Open ⋅ Closes 5PM,"['0x80c3372f7e1429e1:0x54646a58b1440412', '0x80c33657ea1b6a7f:0x4cb0fb17de63ced7', '0x80dcca122034b8db:0xf6c25ac3f7642167']",https://www.google.com/maps/place//data=!4m2!3m1!1s0x80c3352c55434b87:0x82329175350b20a9?authuser=-1&hl=en&gl=us,California
62,Ed's Auto Care,"Ed's Auto Care, 5534 Cahuenga Blvd, North Hollywood, CA 91601",0x80c2958e2e14eef9:0x8ee28e4099df1def,,34.1710896,-118.3613946,['Auto repair shop'],4.7,13,,,"{'Accessibility': ['Wheelchair accessible entrance'], 'Offerings': ['Oil change'], 'Amenities': ['Mechanic']}",,"['0x80c2942ea193dd61:0xd80f32ae8903fda3', '0x80c2959109e785cb:0x98d95c7e120d9e9d', '0x80c295f336c67fed:0x5832e28ae6c3b67a', '0x80c2958be0f37093:0x5827e0849a826144', '0x80c295ef0e311ba7:0x54e20bff0e7575b9']",https://www.google.com/maps/place//data=!4m2!3m1!1s0x80c2958e2e14eef9:0x8ee28e4099df1def?authuser=-1&hl=en&gl=us,California
63,Life Storage,"Life Storage, 9930 S Spencer St, Las Vegas, NV 89183",0x80c8ce6846f520bf:0xc5f5ea8f09cb7450,,36.0091976,-115.1276385,"['Self-storage facility', 'Automobile storage facility', 'Boat storage facility', 'Moving and storage service', 'Moving supply store', 'RV storage facility', 'Storage facility']",4.7,227,,"[['Monday', '9:30AM–6PM'], ['Tuesday', '9:30AM–6PM'], ['Wednesday', '9:30AM–6PM'], ['Thursday', '9:30AM–6PM'], ['Friday', '9:30AM–6PM'], ['Saturday', '9AM–5PM'], ['Sunday', '12–4PM']]",{'Accessibility': ['Wheelchair accessible entrance']},Closed ⋅ Opens 9:30AM,"['0x80c8cfaf553f338d:0x5d2988d9ff63a2ae', '0x80c8ce24c4583e0f:0xe91ed976a2ac87ea', '0x80c8cef452e636d7:0xf3db5c10ad4ef881', '0x80c8cf956104391b:0x2723683b99700c60', '0x80c8d0251ccfe425:0x7ea93bb9c2fc7595']",https://www.google.com/maps/place//data=!4m2!3m1!1s0x80c8ce6846f520bf:0xc5f5ea8f09cb7450?authuser=-1&hl=en&gl=us,Nevada
64,US Social Security Administration,"US Social Security Administration, 611 W 6th St, Los Angeles, CA 90017",0x80c2c7b722b8173d:0x5af1e42898d7b431,,34.0489371,-118.255358,"['Social security office', 'Department of Social Services', 'Federal government office']",3.8,68,,,{'Accessibility': ['Wheelchair accessible entrance']},,"['0x80c2c53060f62f47:0xf53630412ad0ddbf', '0x80c2c793389e5555:0xbf6a6221e56668ba', '0x80c2b891cf5c74df:0xdfadcc09839a4f9', '0x80c2b7a66d79dc1b:0xb578d8d55235dcb', '0x80c2c35d1c4ceb67:0xa492b3c3f330f05e']",https://www.google.com/maps/place//data=!4m2!3m1!1s0x80c2c7b722b8173d:0x5af1e42898d7b431?authuser=-1&hl=en&gl=us,California
65,Jade Anchor,"Jade Anchor, 211 N H St, Lompoc, CA 93436",0x80ec1e94d9b5775b:0x99f074a259ef1ba4,,34.6410485,-120.4581196,['Tattoo shop'],4.7,35,,"[['Saturday', '5PM–12AM'], ['Sunday', 'Closed'], ['Monday', '5PM–12AM'], ['Tuesday', '5PM–12AM'], ['Wednesday', '5PM–12AM'], ['Thursday', '5PM–12AM'], ['Friday', '5PM–12AM']]","{'Service options': ['Delivery'], 'Accessibility': ['Wheelchair accessible entrance']}",Closed ⋅ Opens 5PM,"['0x80ec1f96bc969cad:0x3e0e0bf60b17080e', '0x80ec6b809effa5bb:0x4765b18f7ac048da', '0x80ec1fcf7973163b:0x73b97e3198b9f9dc']",https://www.google.com/maps/place//data=!4m2!3m1!1s0x80ec1e94d9b5775b:0x99f074a259ef1ba4?authuser=-1&hl=en&gl=us,California
66,Scientology Volunteer Ministers,"Scientology Volunteer Ministers, 101 N Fort Harrison Ave, Clearwater, FL 33755",0x88c2f0de2f50bbf1:0x3f38f9475f61b63c,,27.9671599,-82.79984259999999,['Religious organization'],3.9,38,,,{'Accessibility': ['Wheelchair accessible entrance']},,"['0x88c2f0de3370a1d7:0x454c1577c305a044', '0x88c2f10cc04a5cdf:0xccc1bbb2e6ba503b', '0x88c2fa03acba3bc1:0x95ddc138d85f46', '0x88c2c45afd845d9b:0xed58d5702a4ac53b']",https://www.google.com/maps/place//data=!4m2!3m1!1s0x88c2f0de2f50bbf1:0x3f38f9475f61b63c?authuser=-1&hl=en&gl=us,Florida
67,Aztec Bail Bonds,"Aztec Bail Bonds, 235 N Eastern Ave, Las Vegas, NV 89101",0x80c8c35d3e56c9a5:0x47d9137ca966562a,,36.1662059,-115.1167564,['Bail bonds service'],4.2,114,,"[['Tuesday', 'Open 24 hours'], ['Wednesday', 'Open 24 hours'], ['Thursday', 'Open 24 hours'], ['Friday', 'Open 24 hours'], ['Saturday', 'Open 24 hours'], ['Sunday', 'Open 24 hours'], ['Monday', 'Open 24 hours']]",{'Accessibility': ['Wheelchair accessible entrance']},Open 24 hours,"['0x80c8c357fc5ea2ad:0x5e02daeee477e8ec', '0x80c8c32066e7b54b:0x9b64a633374ab919', '0x80c8c39bc9d682f5:0xd03a6e5c0337744a', '0x80c8c39c5a2bee69:0x895655b4fe21f1d4', '0x80c8c3991db5bf2f:0x11bc69579d6a6ed0']",https://www.google.com/maps/place//data=!4m2!3m1!1s0x80c8c35d3e56c9a5:0x47d9137ca966562a?authuser=-1&hl=en&gl=us,Nevada
68,AT&T Store,"AT&T Store, 12830 Seal Beach Blvd Ste A, Seal Beach, CA 90740",0x80dd2facde9fdeed:0xcf45bca016e1d892,"Retailer providing wireless plans & a range of phones, devices & accessories.",33.7766129,-118.0722218,"['Cell phone store', 'Cell phone accessory store', 'Telecommunications service provider']",4.1,128,$$,"[['Tuesday', '10AM–6PM'], ['Wednesday', '10AM–6PM'], ['Thursday', '10AM–6PM'], ['Friday', '10AM–6PM'], ['Saturday', '10AM–6PM'], ['Sunday', '10AM–6PM'], ['Monday', '10AM–6PM']]","{'Service options': ['Curbside pickup', 'In-store pickup', 'In-store shopping'], 'Health & safety': ['Mask required', 'Staff wear masks', 'Staff required to disinfect surfaces between visits'], 'Accessibility': ['Wheelchair accessible entrance'], 'Payments': ['Debit cards']}",Closed ⋅ Opens 10AM,"['0x80dcb80406521c71:0xafefb4707eadece5', '0x80dd2dc72f9db739:0xa8f72e15b50b7bfe', '0x80dd2fbd48e86131:0x24d3416ddd3df26d', '0x80dd2facbc4570ef:0x1c7e4295d6fd7a']",https://www.google.com/maps/place//data=!4m2!3m1!1s0x80dd2facde9fdeed:0xcf45bca016e1d892?authuser=-1&hl=en&gl=us,California
69,Frankie's Hair Salon Inc,"Frankie's Hair Salon Inc, 116 Carlton St, Wauchula, FL 33873",0x88dce65a0333c4fb:0xa3a5fd505f95af5e,,27.5367389,-81.81085209999999,"['Beauty salon', 'Hair salon']",4.4,18,,,"{'Accessibility': ['Wheelchair accessible entrance'], 'Planning': ['Appointments recommended']}",,"['0x88dce6f7fce42553:0xfe6198ceeb2b9067', '0x88dce6f4627d2e7d:0xcd04f0f04af1f5bf', '0x88dce6f991a31757:0x44546a2135731a8c', '0x88dce6f9a2d75349:0x9614f6bd1673bb4d', '0x88dce65afa8b7ebb:0xd737fc0f1dbffd45']",https://www.google.com/maps/place//data=!4m2!3m1!1s0x88dce65a0333c4fb:0xa3a5fd505f95af5e?authuser=-1&hl=en&gl=us,Florida
70,Barracks building 787,"Barracks building 787, San Diego, CA 92118",0x80deacbacfd87449:0x582e1cac8fee4678,,32.6975972,-117.1874985,['Lodging'],3.5,25,,,{'Accessibility': ['Wheelchair accessible entrance']},,"['0x80deadaeacc24d6b:0xb70ba4173f5afd8b', '0x80deac9bc0a5749d:0x346959241f6081ef', '0x80deab2193758277:0x5332dc1ec9041a3', '0x80d954991a5d3efd:0x15af076d70db1732', '0x80d953ace9f0584f:0xfa6d5814756b63df']",https://www.google.com/maps/place//data=!4m2!3m1!1s0x80deacbacfd87449:0x582e1cac8fee4678?authuser=-1&hl=en&gl=us,California
71,Domain Homes,"Domain Homes, 5701 S MacDill Ave, Tampa, FL 33611, United States",0x88c2dcfefee109ff:0x8f112a85eb7664bb,,27.8837678,-82.4942011,"['Home builder', 'Real estate agency']",4.2,85,,"[['Monday', '10AM–6PM'], ['Tuesday', '10AM–6PM'], ['Wednesday', '10AM–6PM'], ['Thursday', '10AM–6PM'], ['Friday', '10AM–6PM'], ['Saturday', '10AM–6PM'], ['Sunday', '12–6PM']]",,Closed ⋅ Opens 10AM,"['0x88c2c33d24d983c9:0x741423286348e9e', '0x88c2c1212a2832ad:0x2c36143a4c45b620', '0x88c2c37068b0beeb:0x6ecac671576d1847', '0x88c2c49dc72bbc09:0xc60f3e66dd25397b', '0x88c2c36d856a529f:0xdfc279cbffea5af2']",https://www.google.com/maps/place//data=!4m2!3m1!1s0x88c2dcfefee109ff:0x8f112a85eb7664bb?authuser=-1&hl=en&gl=ae,Florida
72,Greenberg Dental & Orthodontics,"Greenberg Dental & Orthodontics, 13361 W Colonial Dr, Winter Garden, FL 34787",0x88e783a004926ba7:0x3e9be2c76a7ab982,,28.5524755,-81.58027109999999,"['Dentist', 'Cosmetic dentist', 'Dental implants periodontist', 'Emergency dental service', 'Endodontist', 'Oral surgeon', 'Orthodontist', 'Pediatric dentist', 'Teeth whitening service']",3.9,243,,"[['Thursday', '7AM–3PM'], ['Friday', '7AM–3PM'], ['Saturday', 'Closed'], ['Sunday', 'Closed'], ['Monday', '7AM–3PM'], ['Tuesday', '7AM–3PM'], ['Wednesday', '7AM–3PM']]","{'Accessibility': ['Wheelchair accessible entrance'], 'Planning': ['Appointments recommended']}",Closed ⋅ Opens 7AM,"['0x88e783eeccd2437b:0x5ee98952404ad4e8', '0x88e78373724f8c45:0x9cc87afa15b184b2', '0x88e783349a8d93f7:0xa33d2f9a1c38b520', '0x88e783ebc08bdb4d:0xab8dd43720cda3f6', '0x88e78399890eb831:0x4a50119b6768a6a9']",https://www.google.com/maps/place//data=!4m2!3m1!1s0x88e783a004926ba7:0x3e9be2c76a7ab982?authuser=-1&hl=en&gl=us,Florida
73,Lowe's Home Improvement,"Lowe's Home Improvement, 5750 Fruitville Rd, Sarasota, FL 34232",0x88c3475d7fe5eeb7:0xb3b44cc39f36e48,"Home-improvement chain for appliances, gardening supplies, tools & more (some offer truck rentals).",27.3363,-82.4542342,"['Home improvement store', 'Appliance store', 'Building materials supplier', 'Flooring store', 'Furniture store', 'Grill store', 'Hardware store', 'Lawn equipment rental service', 'Outdoor furniture store', 'Rug store']",4.0,1279,$,"[['Thursday', '6AM–9PM'], ['Friday', '6AM–9PM'], ['Saturday', '6AM–9PM'], ['Sunday', '8AM–8PM'], ['Monday', '6AM–9PM'], ['Tuesday', '6AM–9PM'], ['Wednesday', '6AM–9PM']]","{'Service options': ['Curbside pickup', 'Delivery', 'In-store pickup', 'In-store shopping'], 'Health & safety': ['Mask required', 'Staff required to disinfect surfaces between visits', 'Safety dividers at checkout'], 'Accessibility': ['Wheelchair accessible elevator', 'Wheelchair accessible entrance', 'Wheelchair accessible parking lot'], 'Offerings': ['Assembly service', 'Repair services'], 'Planning': ['Quick visit'], 'Payments': ['Checks', 'Debit cards', 'Credit cards']}",Opens soon ⋅ 6AM,"['0x88c346e1234a3fe7:0xb5aa7b3b432a46f7', '0x88c33f63df322bd7:0x998d998b6f1fa3dc', '0x88c346e6d07b254b:0x9bad22003caf81db', '0x88c33f8f5db0f4f5:0xcae5cb59b9af8732', '0x88c34779417bfb0f:0xf259d62787f48624']",https://www.google.com/maps/place//data=!4m2!3m1!1s0x88c3475d7fe5eeb7:0xb3b44cc39f36e48?authuser=-1&hl=en&gl,Florida
74,bp,"bp, 3990 W New Haven Ave, Melbourne, FL 32904",0x88de0e9daa75f95d:0xf506af8f7605100f,,28.0791657,-80.69088889999999,"['Gas station', 'ATM']",3.5,17,,"[['Sunday', '7AM–9PM'], ['Monday', '6AM–10PM'], ['Tuesday', '6AM–10PM'], ['Wednesday', '6AM–10PM'], ['Thursday', '6AM–10PM'], ['Friday', '6AM–10PM'], ['Saturday', '6AM–10PM']]","{'Accessibility': ['Wheelchair accessible entrance'], 'Amenities': ['Public restroom', 'Restroom']}",Open ⋅ Closes 9PM,"['0x88de0fad375c7ed1:0x40c1f274fe0efa4a', '0x88de0ea0f734a42d:0xae6d3ca7c767b41d', '0x88de0e021ffb3321:0xa963b9c43b4e1792']",https://www.google.com/maps/place//data=!4m2!3m1!1s0x88de0e9daa75f95d:0xf506af8f7605100f?authuser=-1&hl=en&gl=us,Florida
75,Smugglers Cove Marina,"Smugglers Cove Marina, 5664 US-98, Panama City, FL 32404",0x889483342f7c4a0d:0x50bc578eeb64eb05,,30.1221819,-85.5923625,"['Marina', 'Boat storage facility']",3.4,45,,,,,"['0x88937f852a338a8f:0x30739686924fb2dd', '0x889381a241ab1d19:0xd9dd438ccf60b34', '0x889385d65eab10b7:0x9a215eec6da0a383', '0x889388c574244ef5:0x28f4ed304dab75a6', '0x889386371d1923e7:0x99df5edf00676e17']",https://www.google.com/maps/place//data=!4m2!3m1!1s0x889483342f7c4a0d:0x50bc578eeb64eb05?authuser=-1&hl=en&gl=us,Florida
76,Board Game Paradise,"Board Game Paradise, 109 E State St Suite A, Redlands, CA 92373",0x80dcab5f0ce6273b:0xdbf0ba1c462e0cc9,,34.0565747,-117.1810763,"['Game store', 'Board game club']",5.0,67,,"[['Tuesday', '11AM–9PM'], ['Wednesday', '11AM–9PM'], ['Thursday', '11AM–9PM'], ['Friday', '11AM–9PM'], ['Saturday', '10AM–10PM'], ['Sunday', '12–8PM'], ['Monday', '11AM–9PM']]","{'From the business': ['Identifies as women-led'], 'Service options': ['Curbside pickup', 'In-store pickup', 'In-store shopping', 'Delivery'], 'Health & safety': ['Mask required', 'Staff wear masks', 'Staff get temperature checks'], 'Accessibility': ['Wheelchair accessible entrance'], 'Planning': ['Quick visit'], 'Payments': ['Debit cards', 'NFC mobile payments', 'Credit cards']}",Closed ⋅ Opens 11AM,,https://www.google.com/maps/place//data=!4m2!3m1!1s0x80dcab5f0ce6273b:0xdbf0ba1c462e0cc9?authuser=-1&hl=en&gl=us,California
77,First In Property Management,"First In Property Management, 6013 Wesley Grove Blvd Suite 102, Wesley Chapel, FL 33544",0x88c2b0b728d2cd47:0x64d98ab8674d184a,,28.2440356,-82.3508014,"['Property management company', 'Real estate agents']",4.1,98,,"[['Monday', '9AM–5PM'], ['Tuesday', '9AM–5PM'], ['Wednesday', '9AM–5PM'], ['Thursday', '9AM–5PM'], ['Friday', '9AM–5PM'], ['Saturday', 'Closed'], ['Sunday', 'Closed']]",,Closed ⋅ Opens 9AM,"['0x88c2b043a960eedd:0x1626dcb358474212', '0x88c2b0d234e294b7:0xb7235eafd3c28fcd', '0x88c2b72fa979b623:0x451facc12a8b1316', '0x88c2b2c3f1f175cd:0xfbd84ea06272e319', '0x88dd5299838c58ef:0xd724a4354a4bfc8f']",https://www.google.com/maps/place//data=!4m2!3m1!1s0x88c2b0b728d2cd47:0x64d98ab8674d184a?authuser=-1&hl=en&gl=us,Florida
78,Subway,"Subway, 10502 Stringfellow Rd, Bokeelia, FL 33922",0x88db498ffa2a4b83:0x225fdec26a4ec8fb,"Casual counter-serve chain for build-your-own sandwiches & salads, with health-conscious options.",26.6134104,-82.117616,"['Sandwich shop', 'Caterer', 'Fast food restaurant', 'Takeout Restaurant', 'Restaurant']",3.7,58,$,"[['Sunday', 'Closed'], ['Monday', 'Closed'], ['Tuesday', 'Closed'], ['Wednesday', 'Closed'], ['Thursday', 'Closed'], ['Friday', 'Closed'], ['Saturday', 'Closed']]","{'Service options': ['Takeout', 'Dine-in', 'Delivery'], 'Accessibility': ['Wheelchair accessible parking lot', 'Wheelchair accessible restroom', 'Wheelchair accessible seating'], 'Dining options': ['Lunch'], 'Payments': ['Debit cards', 'NFC mobile payments']}",Temporarily closed,"['0x88db4992e5d54fe5:0xacaf4dcdd571ad45', '0x88db4992e54ed83d:0xb50a3bd375036425', '0x88db498545462727:0x1a07dd58c092bf73']",https://www.google.com/maps/place//data=!4m2!3m1!1s0x88db498ffa2a4b83:0x225fdec26a4ec8fb?authuser=-1&hl=en&gl=us,Florida
79,Glossi Nail Bar,"Glossi Nail Bar, 13 Colma Blvd, Colma, CA 94014",0x808f7b05ce206dcf:0xf84bcf1874db01ec,,37.6777892,-122.4695128,"['Nail salon', 'Waxing hair removal service']",3.6,38,,"[['Sunday', '10AM–7PM'], ['Monday', '10AM–9PM'], ['Tuesday', '10AM–9PM'], ['Wednesday', '10AM–9PM'], ['Thursday', '10AM–9PM'], ['Friday', '10AM–9PM'], ['Saturday', '10AM–9PM']]",{'Accessibility': ['Wheelchair accessible entrance']},Closed ⋅ Opens 10AM,"['0x808f7b8c8903d145:0xc41776fcace61eca', '0x808f7c7ceed6f5ab:0x812acbbbedd5860c', '0x808f7c5d20bae3e9:0xa09de8634346fcfc', '0x808f7bbd1c3716a3:0xe806cf0046d31d3b', '0x808f79960bada5eb:0x8b8aa08e26f68d2f']",https://www.google.com/maps/place//data=!4m2!3m1!1s0x808f7b05ce206dcf:0xf84bcf1874db01ec?authuser=-1&hl=en&gl=us,California
80,Lyon's Restaurant,"Lyon's Restaurant, 5495 Sunrise Blvd, Citrus Heights, CA 95610",0x809ade19daadafab:0x5def71e9e7b1c6a,,38.6665179,-121.2733794,['Restaurant'],3.5,38,,"[['Thursday', '7AM–9PM'], ['Friday', '7AM–10PM'], ['Saturday', '7AM–10PM'], ['Sunday', '7AM–9PM'], ['Monday', '7AM–9PM'], ['Tuesday', '7AM–9PM'], ['Wednesday', '7AM–9PM']]","{'Service options': ['Delivery'], 'Amenities': ['Good for kids']}",Permanently closed,['0x809ade22e2555cb1:0x8bd840808832dab9'],https://www.google.com/maps/place//data=!4m2!3m1!1s0x809ade19daadafab:0x5def71e9e7b1c6a?authuser=-1&hl=en&gl=us,California
81,Altos De Miami,"Altos De Miami, 1 Glen Royal Pkwy, Miami, FL 33125",0x88d9b6e295c0f789:0x7b022c7826997df2,,25.7731589,-80.2313898,['Condominium complex'],4.1,58,,"[['Thursday', 'Open 24 hours'], ['Friday', 'Open 24 hours'], ['Saturday', 'Open 24 hours'], ['Sunday', 'Open 24 hours'], ['Monday', 'Open 24 hours'], ['Tuesday', 'Open 24 hours'], ['Wednesday', 'Open 24 hours']]",{'Accessibility': ['Wheelchair accessible entrance']},Open 24 hours,"['0x88d9b7a1e281b84f:0x6a7f10fb9a5dcee5', '0x88d9b7aba0fd1dff:0xd53c39e8a89dd000', '0x88d9b401bcc2da41:0x72cbdba7deb252d9', '0x88d9c0249f050ea3:0xec61654c3a0ca1e7', '0x88d9b790e28b56bd:0x3c0ef0c471f77584']",https://www.google.com/maps/place//data=!4m2!3m1!1s0x88d9b6e295c0f789:0x7b022c7826997df2?authuser=-1&hl=en&gl=us,Florida
82,Claire's,"Claire's, 3401 Dale Rd Space Q21, Modesto, CA 95356",0x8090504ec98781ad:0x39e91a4a0d1c764f,"Chain retailer offering an array of jewelry & fashion accessories, plus ear piercing.",37.6888346,-121.0536769,"['Fashion accessories store', 'Ear piercing service', 'Jewelry store', 'Toy store']",4.0,36,$$,"[['Sunday', '11AM–7PM'], ['Monday', '11AM–8PM'], ['Tuesday', '11AM–8PM'], ['Wednesday', '11AM–8PM'], ['Thursday', '11AM–8PM'], ['Friday', '10AM–9PM'], ['Saturday', '10AM–9PM']]","{'Service options': ['In-store shopping', 'Delivery'], 'Accessibility': ['Wheelchair accessible entrance'], 'Planning': ['Quick visit'], 'Payments': ['NFC mobile payments']}",Open ⋅ Closes 7PM,"['0x8090504ec98781ad:0x6ccc070743e083c9', '0x8090504bec0ad401:0xdc9b249b5236eeff', '0x8090504ec98781ad:0xaac366900593b68d', '0x8090504bec0ad401:0x2d977a8894b7c7a5', '0x8090504bec0ad401:0xdd2a7dd748ebd903']",https://www.google.com/maps/place//data=!4m2!3m1!1s0x8090504ec98781ad:0x39e91a4a0d1c764f?authuser=-1&hl=en&gl=us,California
83,Upland Florist Upland Flower Boutique,"Upland Florist Upland Flower Boutique, 149 N Euclid Ave, Upland, CA 91786",0x80c33156d1d6bafd:0x1e5e3a1b830544a2,,34.095292,-117.6515984,"['Florist', 'Dried flower shop', 'Wholesale florist']",4.9,57,,"[['Sunday', 'Closed'], ['Monday', '9AM–6PM'], ['Tuesday', '9AM–6PM'], ['Wednesday', '9AM–6PM'], ['Thursday', '9AM–6PM'], ['Friday', '9AM–6PM'], ['Saturday', '9AM–3PM']]","{'Service options': ['Delivery', 'In-store pickup', 'In-store shopping', 'Same-day delivery'], 'Accessibility': ['Wheelchair accessible entrance'], 'Planning': ['Quick visit']}",Closed ⋅ Opens 9AM Mon,"['0x80c333c2297b73b9:0xb45e930fc3aa13de', '0x80c336aacffceaa9:0xc6a13b5e41079cda', '0x80c3338c5887220f:0x1201c277c9b145ac', '0x80c333c22c8951a3:0x168e4b26fce84bde']",https://www.google.com/maps/place//data=!4m2!3m1!1s0x80c33156d1d6bafd:0x1e5e3a1b830544a2?authuser=-1&hl=en&gl=us,California
84,Square Bar,"Square Bar, 9301 Tampa Ave, Northridge Fashion Center, Northridge, CA 91324",0x80c29b0b4a0ce31d:0x25cf2b9eaef2a07b,,34.238741,-118.556171,['Cafe'],3.6,14,,"[['Wednesday', '10AM–9PM'], ['Thursday', '10AM–9PM'], ['Friday', '10AM–9PM'], ['Saturday', '10AM–9PM'], ['Sunday', '10AM–9PM'], ['Monday', '10AM–9PM'], ['Tuesday', '10AM–9PM']]","{'Service options': ['Delivery', 'Takeout'], 'Highlights': ['Fast service', 'Great dessert', 'Great tea selection'], 'Popular for': ['Solo dining'], 'Accessibility': ['Wheelchair accessible entrance'], 'Offerings': ['Coffee', 'Quick bite'], 'Dining options': ['Dessert'], 'Amenities': ['Good for kids'], 'Atmosphere': ['Casual'], 'Crowd': ['Groups']}",Open ⋅ Closes 9PM,"['0x80c29bab67db69a7:0x58eced47ea0f07c9', '0x80c29b7f8d505e61:0x485deeada555aa38', '0x80c29a53da398ff7:0x861bd341145025c7', '0x80c29bab67db69a7:0x27d7dd8cc1788788', '0x80c29bb5a50ba18d:0x20d42a016c395757']",https://www.google.com/maps/place//data=!4m2!3m1!1s0x80c29b0b4a0ce31d:0x25cf2b9eaef2a07b?authuser=-1&hl=en&gl=us,California
85,Adolfo Park,"Adolfo Park, 3601 N Adolfo Rd, Camarillo, CA 93010",0x80e83674a8351daf:0xbe77f75e76a5c046,,34.232927,-119.0221546,"['Park', 'BBQ area', 'Picnic ground', 'Playground', 'Tourist attraction']",4.2,55,,"[['Monday', '7AM–8PM'], ['Tuesday', '7AM–8PM'], ['Wednesday', '7AM–8PM'], ['Thursday', '7AM–8PM'], ['Friday', '7AM–8PM'], ['Saturday', '7AM–8PM'], ['Sunday', '7AM–8PM']]","{'Accessibility': ['Wheelchair accessible entrance'], 'Amenities': ['Good for kids']}",Closes soon ⋅ 8PM ⋅ Opens 7AM Tue,"['0x80e835dfbfc88ac5:0x8ab02c28814b8e4e', '0x80e83618f84facb5:0x7020972c8d98f59b', '0x80e849fca0db2d91:0xde0a622363e3024e', '0x80e836bb6b74b13d:0xde31edc0e31d6457', '0x80e84a21be318441:0x7a961378f9de6100']",https://www.google.com/maps/place//data=!4m2!3m1!1s0x80e83674a8351daf:0xbe77f75e76a5c046?authuser=-1&hl=en&gl=us,California
86,Smile Time Dental,"Smile Time Dental, 6406 Sunrise Blvd ste c, Citrus Heights, CA 95610",0x809adfb30929d927:0xe8ae07017c01487f,,38.6824969,-121.2712572,"['Dentist', 'Dental clinic', 'Dental hygienist', 'Dental implants periodontist', 'Emergency dental service', 'Orthodontist', 'Pediatric dentist', 'Periodontist', 'Teeth whitening service']",4.3,98,,"[['Wednesday', '8AM–5PM'], ['Thursday', '8AM–5PM'], ['Friday', '8AM–5PM'], ['Saturday', 'Closed'], ['Sunday', 'Closed'], ['Monday', '8AM–5PM'], ['Tuesday', '8AM–5PM']]","{'Accessibility': ['Wheelchair accessible entrance', 'Wheelchair accessible restroom'], 'Amenities': ['Gender-neutral restroom', 'Restroom'], 'Planning': ['Appointments recommended']}",Opens soon ⋅ 8AM,"['0x809adf6162086319:0xcba6423fe43874a3', '0x809adfd22df930fb:0xe2d86bcc1cfca37a', '0x809adb859a94e95b:0x74df32ef804068c7', '0x809ade2ef7e49839:0x48073e711670c8a3']",https://www.google.com/maps/place//data=!4m2!3m1!1s0x809adfb30929d927:0xe8ae07017c01487f?authuser=-1&hl=en&gl=us,California
87,Boost Mobile,"Boost Mobile, 3757 E 1st St, Los Angeles, CA 90063",0x80c2cf5953aa3cd5:0x7b66eebf21549342,"Wireless provider featuring an assortment of prepaid mobile phones, data plans & accessories.",34.0361886,-118.1851071,"['Cell phone store', 'Telecommunications service provider']",4.7,16,$,"[['Tuesday', '10AM–7:30PM'], ['Wednesday', '10AM–7:30PM'], ['Thursday', '10AM–7:30PM'], ['Friday', '10AM–7:30PM'], ['Saturday', '10AM–7:30PM'], ['Sunday', '10AM–6PM'], ['Monday', '10AM–7:30PM']]","{'Service options': ['In-store shopping', 'Delivery'], 'Health & safety': ['Mask required'], 'Accessibility': ['Wheelchair accessible entrance'], 'Planning': ['Quick visit'], 'Payments': ['Debit cards']}",Open ⋅ Closes 7:30PM,"['0x80c2c609300be0b1:0xd8441be22e152e1f', '0x80c2c5faa5ccc057:0xca3319157bb75b34', '0x80c2c607560025a3:0x5d07c0d8c440da8b', '0x80c2c608dfbd9225:0xed616e43aa28a745']",https://www.google.com/maps/place//data=!4m2!3m1!1s0x80c2cf5953aa3cd5:0x7b66eebf21549342?authuser=-1&hl=en&gl=us,California
88,Traviezos Antro Bar & Grill,"Traviezos Antro Bar & Grill, 10380 Central Ave, Montclair, CA 91763",0x80c3334f68442065:0x2e74c5401eae6f90,,34.0653053,-117.6900591,['Bar & grill'],4.2,15,,"[['Sunday', '8PM–1:30AM'], ['Monday', 'Closed'], ['Tuesday', '8PM–1:30AM'], ['Wednesday', 'Closed'], ['Thursday', 'Closed'], ['Friday', '8PM–1:30AM'], ['Saturday', '8PM–1:30AM']]","{'Service options': ['Takeout', 'Dine-in', 'Delivery'], 'Highlights': ['Fast service'], 'Accessibility': ['Wheelchair accessible entrance'], 'Offerings': ['Alcohol', 'Food', 'Quick bite'], 'Amenities': ['Restroom'], 'Atmosphere': ['Casual'], 'Crowd': ['Groups'], 'Payments': ['Debit cards']}",Closed ⋅ Opens 8PM,,https://www.google.com/maps/place//data=!4m2!3m1!1s0x80c3334f68442065:0x2e74c5401eae6f90?authuser=-1&hl=en&gl=us,California
89,Family Dollar,"Family Dollar, 2532 W Colonial Dr, Orlando, FL 32804",0x88e77a30a7619ebf:0x1d05d9503a0ef942,"Discount chain carrying a variety of goods, including groceries, household items & beauty products.",28.5505702,-81.41257329999999,"['Dollar store', 'Beer store', 'Clothing store', 'Discount store', 'Discount supermarket', 'School supply store', 'Tobacco shop', 'Toy store', 'Wine store']",3.7,115,$,"[['Friday', '8AM–10PM'], ['Saturday', '8AM–10PM'], ['Sunday', '8AM–10PM'], ['Monday', '8AM–10PM'], ['Tuesday', '8AM–10PM'], ['Wednesday', '8AM–10PM'], ['Thursday', '8AM–10PM']]","{'Service options': ['In-store shopping', 'Delivery'], 'Health & safety': ['Mask required', 'Staff wear masks', 'Staff required to disinfect surfaces between visits', 'Safety dividers at checkout'], 'Planning': ['Quick visit'], 'Payments': ['Debit cards']}",Open ⋅ Closes 10PM,"['0x88e77a66d160d27d:0x8c1918b2feb14338', '0x88e77bb069fa5475:0x22408c7d8a16b60d', '0x88e77a4c39643f07:0xa4bd68462ab14168', '0x88e77bb0da5dfc95:0x5f4ecf548a24c3e5', '0x88e77bcc501a30a1:0xe254e642548ca72f']",https://www.google.com/maps/place//data=!4m2!3m1!1s0x88e77a30a7619ebf:0x1d05d9503a0ef942?authuser=-1&hl=en&gl=us,Florida
90,RIDE N ROLL BICYCLE,"RIDE N ROLL BICYCLE, 924 W Bay Dr, Largo, FL 33770",0x88c2fa0c9119593d:0x19085c83def5e2be,,27.9169254,-82.79861079999999,"['Bicycle Shop', 'Bicycle rack', 'Bicycle rental service', 'Bicycle repair shop', 'Electric motor store', 'Nutritionist', 'Sporting goods store', 'Sports equipment rental service', 'Used bicycle shop']",3.9,48,,"[['Tuesday', '10AM–7PM'], ['Wednesday', '10AM–7PM'], ['Thursday', '10AM–7PM'], ['Friday', '10AM–6PM'], ['Saturday', '10AM–5PM'], ['Sunday', 'Closed'], ['Monday', '10AM–6PM']]","{'Accessibility': ['Wheelchair accessible entrance', 'Wheelchair accessible parking lot'], 'Activities': ['Bicycle rental']}",Permanently closed,"['0x88c2f3d581ea659b:0x38a8d2566b2262ac', '0x88c2f02e41a77a4b:0x2e0f469e97ce79db', '0x88c2fc786812c78d:0xeae3ab5ef5f23d74', '0x88c2f056020521d1:0x160b1d4716432dfc']",https://www.google.com/maps/place//data=!4m2!3m1!1s0x88c2fa0c9119593d:0x19085c83def5e2be?authuser=-1&hl=en&gl=us,Florida
91,Salt Craft,"Salt Craft, 377 St Mary St, Pleasanton, CA 94566, United States",0x808fe9a3ac5c9e4b:0xb7602f151cc9c683,"Relaxed, all-day American kitchen with beer & wine, served outdoors only (some seating is covered).",37.663069,-121.8759686,"['Bakery', 'Catering food and drink supplier']",4.4,228,₩₩,"[['Monday', '8AM–4PM'], ['Tuesday', '8AM–4PM'], ['Wednesday', '8AM–4PM'], ['Thursday', '8AM–4PM'], ['Friday', '8AM–4PM'], ['Saturday', '9AM–1PM'], ['Sunday', 'Closed']]","{'Service options': ['In-store pick-up', 'Delivery', 'In-store shopping', 'Takeaway', 'Dine-in'], 'Accessibility': ['Wheelchair-accessible entrance'], 'Amenities': ['Wi-Fi'], 'Atmosphere': ['Trending'], 'Payments': ['Debit cards', 'Credit cards']}",Closed ⋅ Opens 8AM Tue,"['0x808fe9a32f34a509:0x817e00870bd5c50', '0x808fe9bd2a25ecbd:0x9fe616a68b0a53d6', '0x808fe9a32b84f47d:0x5266824ab073a4b3', '0x808fe9a30e7df2b1:0x73900da7a65df066', '0x808fe9bd2eb7cfcf:0x544791220440d821']",https://www.google.com/maps/place//data=!4m2!3m1!1s0x808fe9a3ac5c9e4b:0xb7602f151cc9c683?authuser=-1&hl=en&gl=kr,California
92,Smoke Assassins,"Smoke Assassins, 910 Pueblo Blvd B, West Wendover, NV 89883",0x80ac26203b524c3b:0x3e49a2ab86414eaa,,40.7400019,-114.0764895,['Cigar shop'],3.8,98,,"[['Sunday', 'Closed'], ['Monday', '12–8PM'], ['Tuesday', '12–8PM'], ['Wednesday', '12–8PM'], ['Thursday', '12–8PM'], ['Friday', '12–8PM'], ['Saturday', '12–8PM']]","{'Service options': ['In-store shopping', 'Delivery'], 'Health & safety': ['Mask required', 'Staff required to disinfect surfaces between visits'], 'Accessibility': ['Wheelchair accessible entrance'], 'Planning': ['Quick visit'], 'Payments': ['Debit cards', 'Credit cards']}",Closed ⋅ Opens 12PM Mon,"['0x80ac262130fb12c7:0x51522124d213a959', '0x80ac262100bb5b85:0x94add0da368bc8e9', '0x80ac29b7e1bc77bd:0xfafe9b3fa913b8c8', '0x80ac28a7da868c73:0x564e14a75afc650c']",https://www.google.com/maps/place//data=!4m2!3m1!1s0x80ac26203b524c3b:0x3e49a2ab86414eaa?authuser=-1&hl=en&gl=us,Nevada
93,Fresno Pet Pleasure,"Fresno Pet Pleasure, 3639 N Blythe Ave, Fresno, CA 93722",0x80946672e7a3a597:0xef9fa10439961a13,,36.7906599,-119.8722677,['Pet boarding service'],4.7,18,,"[['Sunday', '1–5PM'], ['Monday', '8AM–5PM'], ['Tuesday', '8AM–5PM'], ['Wednesday', '8AM–5PM'], ['Thursday', '8AM–5PM'], ['Friday', '8AM–5PM'], ['Saturday', '8AM–1PM']]",{'Accessibility': ['Wheelchair accessible entrance']},Closed ⋅ Opens 1PM,"['0x80945db5b8fa75c7:0x6f9081756e2eddd3', '0x80944278b3261ae5:0x44e92d7f93f5fde9', '0x80945c7ee48bdea1:0xd5be40d35a74de51', '0x8094614364754f5f:0x1ce5cbd5e5cd2f9c', '0x809469ee406e920d:0x25775327adc26cf5']",https://www.google.com/maps/place//data=!4m2!3m1!1s0x80946672e7a3a597:0xef9fa10439961a13?authuser=-1&hl=en&gl=us,California
94,City Haircuts,"City Haircuts, 7801 Greenback Ln ste c, Citrus Heights, CA 95610",0x809ade3065342aa3:0x6240f02a3a7e9d3d,,38.6788314,-121.2764273,"['Beauty salon', 'Hair salon']",4.9,33,,"[['Wednesday', '9AM–6PM'], ['Thursday', '9AM–6PM'], ['Friday', '9AM–6PM'], ['Saturday', '9AM–4PM'], ['Sunday', 'Closed'], ['Monday', 'Closed'], ['Tuesday', '9AM–6PM']]",,Permanently closed,"['0x809adf033a570cc5:0x5e896ca16b90493f', '0x809adfba3c5c425b:0xa73ff4e10b2dd853', '0x809adf66cac603cb:0xdd2dfa1c79677a38', '0x809adedf39903b3d:0xa94bc51ee8b735cc', '0x809ade22fc3aa439:0xaf0e8b1fab543205']",https://www.google.com/maps/place//data=!4m2!3m1!1s0x809ade3065342aa3:0x6240f02a3a7e9d3d?authuser=-1&hl=en&gl=us,California
95,Madera Family Dental Care,"Madera Family Dental Care, 2311 W Cleveland Ave #103, Madera, CA 93637",0x80940be922eca99b:0x68e9237ee090d8ce,,36.9752349,-120.0852737,['Dentist'],4.7,136,,"[['Thursday', '8:30AM–4:30PM'], ['Friday', '8:30AM–4:30PM'], ['Saturday', 'Closed'], ['Sunday', 'Closed'], ['Monday', '8:30AM–4:30PM'], ['Tuesday', '8:30AM–4:30PM'], ['Wednesday', '8:30AM–4:30PM']]","{'Accessibility': ['Wheelchair accessible entrance'], 'Planning': ['Appointments recommended']}",Opens soon ⋅ 8:30AM,"['0x80940c8711688e11:0x3be84346832e7c57', '0x80940be937b464bd:0x31ecf80532dac0bb', '0x80940bf3dbbe7a41:0x18e4e57e84b4cd10', '0x80940bf3cb45177f:0xd95f7244648f19e9', '0x80940c6532e19085:0x829a1d4c11ef68bc']",https://www.google.com/maps/place//data=!4m2!3m1!1s0x80940be922eca99b:0x68e9237ee090d8ce?authuser=-1&hl=en&gl=us,California
96,Fallen Crow tattoo company,"Fallen Crow tattoo company, 39840 Los Alamos Rd #6, Murrieta, CA 92562",0x80dc82707b392a73:0x1758cddb3d6e5642,,33.5727778,-117.1827778,['Tattoo shop'],4.8,58,,"[['Monday', 'Closed'], ['Tuesday', '11:30AM–7PM'], ['Wednesday', '11:30AM–7PM'], ['Thursday', '11:30AM–7PM'], ['Friday', '11:30AM–7PM'], ['Saturday', '11:30AM–7PM'], ['Sunday', '11:30AM–7PM']]","{'Service options': ['Delivery'], 'Accessibility': ['Wheelchair accessible entrance'], 'Payments': ['Debit cards']}",Closed ⋅ Opens 11:30AM Tue,"['0x80dc821621d9e90f:0x21632f91c1a234ac', '0x80dc82179fe47acb:0xdd278eafe24e7dc3', '0x80db7e382456c4cb:0x8c600c1aee61a8b7', '0x80db7e35778c977b:0xd8c452d256216347', '0x80dc81e2e2a81ea5:0xc183b11e7b90b60c']",https://www.google.com/maps/place//data=!4m2!3m1!1s0x80dc82707b392a73:0x1758cddb3d6e5642?authuser=-1&hl=en&gl=us,California
97,Qvo Auto Accessories,"Qvo Auto Accessories, 13425 Valley Blvd, City of Industry, CA 91746",0x80c2d71ff4dfb845:0x3cd58b24f109376c,,34.0488878,-117.9950154,"['Auto parts store', 'Truck accessories store']",4.8,25,,"[['Monday', '10:30AM–6PM'], ['Tuesday', '10:30AM–6PM'], ['Wednesday', '10:30AM–6PM'], ['Thursday', '10:30AM–6PM'], ['Friday', '10:30AM–6PM'], ['Saturday', '11AM–5PM'], ['Sunday', 'Closed']]","{'Service options': ['In-store shopping'], 'Accessibility': ['Wheelchair accessible entrance'], 'Planning': ['Quick visit']}",Closed ⋅ Opens 10:30AM,"['0x80c2d81f63d6160d:0xba897bc02ef7cac8', '0x80c2d0b77751cf7d:0x2d18918ad542b64c', '0x80c2d6e232944e0d:0x6634480dffea98cd', '0x80c2dabaa504d93d:0xcfa2a438950a9eca']",https://www.google.com/maps/place//data=!4m2!3m1!1s0x80c2d71ff4dfb845:0x3cd58b24f109376c?authuser=-1&hl=en&gl=us,California
98,"Primary Residential Mortgage, Inc.","Primary Residential Mortgage, Inc., 3848 Colonial Blvd Suite 2, Fort Myers, FL 33966",0x88db6afaa69b6c79:0xab8d44c0a9be5417,,26.5984801,-81.8331522,['Mortgage lender'],4.8,128,,"[['Tuesday', '9AM–5PM'], ['Wednesday', '9AM–5PM'], ['Thursday', '9AM–5PM'], ['Friday', '9AM–5PM'], ['Saturday', 'Closed'], ['Sunday', 'Closed'], ['Monday', '9AM–5PM']]",{'Accessibility': ['Wheelchair accessible entrance']},Closed ⋅ Opens 9AM,"['0x88db6afaa69b6c79:0x4f98daade797915d', '0x88db6b264731aeb1:0xa6886b699fdec3d4', '0x88db4038e0b6adab:0x30e8a1b8ccea827d', '0x88db41a43dfb74a7:0xe4a16711de5aad2a', '0x88db40472028c6e9:0xaf36909dc99dbb67']",https://www.google.com/maps/place//data=!4m2!3m1!1s0x88db6afaa69b6c79:0xab8d44c0a9be5417?authuser=-1&hl=en&gl=us,Florida
99,CrossFit Megalodon and Personal Training,"CrossFit Megalodon and Personal Training, 1250 Ogden Rd, Venice, FL 34285",0x88c35a3384cfd02d:0x4b529cfbcbf656fe,,27.0815467,-82.4232406,['Physical fitness program'],5.0,38,,"[['Saturday', '8:30–9:30AM'], ['Sunday', '8:30–9:30AM'], ['Monday', '5AM–7PM'], ['Tuesday', '5AM–7PM'], ['Wednesday', '5AM–7PM'], ['Thursday', '5AM–7PM'], ['Friday', '5AM–7PM']]",{'Accessibility': ['Wheelchair accessible entrance']},Closed ⋅ Opens 8:30AM Sun,"['0x88c3507bc04350ff:0x115201831c49ea2c', '0x88c3598cb469147d:0x574bd68ece8f8d34', '0x88c359fb24f5fa3b:0xc5317b1e6fef40c4', '0x88c350a0be34a2d1:0xbc01f96ea1699c79']",https://www.google.com/maps/place//data=!4m2!3m1!1s0x88c35a3384cfd02d:0x4b529cfbcbf656fe?authuser=-1&hl=en&gl=us,Florida
